Data,Ostatnio,Otwarcie,Max.,Min.,Wol.,Zmiana%
10.03.2023,"1.799,58","1.820,21","1.820,21","1.786,18","16,07M","-1,98%"
09.03.2023,"1.835,94","1.859,12","1.859,12","1.835,94","10,60M","-1,34%"
08.03.2023,"1.860,83","1.853,32","1.864,49","1.842,48","12,13M","0,40%"
07.03.2023,"1.853,40","1.870,17","1.883,31","1.853,40","12,94M","-1,08%"
06.03.2023,"1.873,63","1.849,05","1.878,93","1.849,05","13,15M","1,73%"
03.03.2023,"1.841,85","1.821,93","1.841,85","1.820,13","12,69M","1,32%"
02.03.2023,"1.817,77","1.850,34","1.850,34","1.813,37","16,03M","-2,07%"
01.03.2023,"1.856,22","1.855,26","1.868,54","1.845,77","15,26M","0,45%"
28.02.2023,"1.847,94","1.821,30","1.847,94","1.810,98","27,05M","1,49%"
27.02.2023,"1.820,79","1.810,71","1.828,27","1.806,50","8,39M","0,75%"
24.02.2023,"1.807,31","1.828,33","1.832,76","1.802,10","11,54M","-0,96%"
23.02.2023,"1.824,76","1.797,80","1.826,45","1.797,80","13,12M","1,55%"
22.02.2023,"1.796,87","1.822,56","1.823,79","1.786,67","17,93M","-1,59%"
21.02.2023,"1.825,89","1.847,82","1.847,82","1.813,26","14,63M","-1,28%"
20.02.2023,"1.849,48","1.860,87","1.863,76","1.842,43","9,56M","-0,53%"
17.02.2023,"1.859,26","1.859,27","1.867,81","1.846,46","14,93M","-0,34%"
16.02.2023,"1.865,51","1.872,93","1.883,67","1.841,85","18,65M","-0,24%"
15.02.2023,"1.870,03","1.850,59","1.871,47","1.844,73","11,20M","0,94%"
14.02.2023,"1.852,67","1.858,47","1.868,44","1.841,76","12,57M","-0,03%"
13.02.2023,"1.853,29","1.855,31","1.863,95","1.837,88","13,48M","0,28%"
10.02.2023,"1.848,04","1.891,84","1.891,84","1.838,33","19,72M","-2,54%"
09.02.2023,"1.896,24","1.892,88","1.912,32","1.889,24","12,17M","0,51%"
08.02.2023,"1.886,68","1.882,32","1.898,52","1.882,32","13,40M","0,85%"
07.02.2023,"1.870,87","1.869,42","1.877,28","1.858,79","14,14M","0,33%"
06.02.2023,"1.864,76","1.902,31","1.902,31","1.863,26","15,98M","-2,17%"
03.02.2023,"1.906,13","1.903,48","1.917,69","1.896,18","18,91M","0,12%"
02.02.2023,"1.903,79","1.886,33","1.919,26","1.882,56","26,01M","1,70%"
01.02.2023,"1.871,93","1.903,59","1.911,39","1.871,93","22,20M","-1,59%"
31.01.2023,"1.902,25","1.886,96","1.905,89","1.876,42","24,13M","0,66%"
30.01.2023,"1.889,82","1.909,48","1.909,48","1.882,38","15,59M","-1,13%"
27.01.2023,"1.911,50","1.916,61","1.925,94","1.909,33","16,29M","-0,01%"
26.01.2023,"1.911,61","1.900,83","1.920,18","1.892,13","16,71M","1,35%"
25.01.2023,"1.886,24","1.906,22","1.906,22","1.879,52","19,47M","-1,69%"
24.01.2023,"1.918,60","1.928,95","1.945,78","1.912,85","18,02M","-0,24%"
23.01.2023,"1.923,15","1.899,20","1.928,67","1.899,20","18,78M","1,63%"
20.01.2023,"1.892,32","1.895,41","1.901,03","1.879,51","21,74M","0,13%"
19.01.2023,"1.889,84","1.900,37","1.903,17","1.869,14","31,49M","-1,22%"
18.01.2023,"1.913,25","1.906,99","1.928,89","1.894,82","33,79M","0,46%"
17.01.2023,"1.904,51","1.928,12","1.932,16","1.898,34","19,45M","-1,48%"
16.01.2023,"1.933,08","1.924,89","1.944,20","1.901,50","18,39M","0,50%"
13.01.2023,"1.923,44","1.932,38","1.939,83","1.910,13","18,13M","-0,38%"
12.01.2023,"1.930,79","1.919,28","1.950,83","1.919,28","32,88M","0,84%"
11.01.2023,"1.914,74","1.936,39","1.955,44","1.912,55","25,92M","-1,20%"
10.01.2023,"1.937,98","1.904,63","1.940,96","1.890,53","25,04M","1,33%"
09.01.2023,"1.912,47","1.873,58","1.912,84","1.873,58","33,64M","3,04%"
05.01.2023,"1.856,05","1.851,86","1.887,05","1.843,35","28,21M","0,05%"
04.01.2023,"1.855,05","1.826,17","1.856,63","1.824,74","19,72M","1,66%"
03.01.2023,"1.824,82","1.794,13","1.835,15","1.791,98","22,12M","1,86%"
02.01.2023,"1.791,47","1.794,52","1.811,64","1.786,70","5,34M","-0,03%"
30.12.2022,"1.792,01","1.797,53","1.797,86","1.786,56","9,00M","-0,57%"
29.12.2022,"1.802,20","1.768,98","1.802,20","1.763,44","10,65M","1,94%"
28.12.2022,"1.767,88","1.764,30","1.776,98","1.757,71","10,00M","0,11%"
27.12.2022,"1.765,87","1.788,67","1.792,82","1.762,64","6,45M","-0,81%"
23.12.2022,"1.780,27","1.778,58","1.782,76","1.769,41","8,03M","0,01%"
22.12.2022,"1.780,07","1.786,63","1.796,05","1.774,71","10,58M","-0,34%"
21.12.2022,"1.786,10","1.761,88","1.786,56","1.754,46","15,19M","1,30%"
20.12.2022,"1.763,20","1.732,80","1.763,20","1.724,41","12,41M","1,14%"
19.12.2022,"1.743,24","1.739,90","1.754,27","1.737,50","12,35M","0,11%"
16.12.2022,"1.741,30","1.746,54","1.755,89","1.726,58","41,76M","-0,87%"
15.12.2022,"1.756,52","1.778,90","1.778,90","1.746,02","18,70M","-1,73%"
14.12.2022,"1.787,37","1.785,11","1.793,02","1.778,37","17,00M","0,15%"
13.12.2022,"1.784,67","1.758,54","1.803,60","1.742,11","22,17M","1,67%"
12.12.2022,"1.755,34","1.729,82","1.759,39","1.714,22","14,74M","1,46%"
09.12.2022,"1.730,16","1.730,18","1.735,76","1.717,00","15,02M","0,26%"
08.12.2022,"1.725,66","1.735,17","1.735,41","1.715,72","14,82M","-0,58%"
07.12.2022,"1.735,66","1.730,50","1.739,05","1.720,19","14,51M","0,12%"
06.12.2022,"1.733,59","1.741,86","1.741,86","1.722,72","15,85M","-0,74%"
05.12.2022,"1.746,54","1.738,95","1.766,04","1.738,95","14,52M","0,75%"
02.12.2022,"1.733,46","1.765,02","1.765,02","1.730,43","27,96M","-1,86%"
01.12.2022,"1.766,38","1.754,83","1.766,38","1.741,13","34,26M","1,73%"
30.11.2022,"1.736,26","1.741,22","1.756,95","1.727,88","127,49M","0,00%"
29.11.2022,"1.736,19","1.740,55","1.744,71","1.718,31","27,85M","0,43%"
28.11.2022,"1.728,74","1.748,68","1.748,84","1.728,74","19,48M","-1,54%"
25.11.2022,"1.755,69","1.752,36","1.764,57","1.736,75","15,61M","0,10%"
24.11.2022,"1.753,95","1.724,66","1.753,95","1.721,85","19,39M","2,35%"
23.11.2022,"1.713,61","1.724,50","1.737,75","1.707,01","19,22M","-0,24%"
22.11.2022,"1.717,75","1.687,07","1.729,95","1.681,78","18,18M","1,91%"
21.11.2022,"1.685,50","1.706,43","1.706,47","1.683,15","20,86M","-1,27%"
18.11.2022,"1.707,23","1.709,68","1.726,63","1.689,34","21,00M","-0,06%"
17.11.2022,"1.708,23","1.744,07","1.750,96","1.695,80","25,41M","-1,89%"
16.11.2022,"1.741,17","1.747,81","1.761,51","1.731,46","26,92M","-1,60%"
15.11.2022,"1.769,55","1.750,60","1.784,76","1.728,17","28,30M","1,47%"
14.11.2022,"1.743,89","1.697,88","1.759,79","1.697,88","39,85M","3,17%"
10.11.2022,"1.690,38","1.637,91","1.692,72","1.619,03","26,89M","2,81%"
09.11.2022,"1.644,12","1.643,42","1.658,52","1.638,45","19,88M","-0,04%"
08.11.2022,"1.644,75","1.616,98","1.644,75","1.602,48","19,91M","1,64%"
07.11.2022,"1.618,14","1.605,03","1.637,37","1.600,71","32,83M","1,05%"
04.11.2022,"1.601,27","1.569,01","1.612,09","1.569,01","28,79M","2,68%"
03.11.2022,"1.559,55","1.553,61","1.559,97","1.538,04","21,91M","-0,92%"
02.11.2022,"1.573,97","1.545,19","1.573,97","1.545,19","31,27M","2,45%"
31.10.2022,"1.536,28","1.511,96","1.536,28","1.506,41","25,37M","1,83%"
28.10.2022,"1.508,70","1.498,03","1.516,82","1.481,23","49,19M","0,13%"
27.10.2022,"1.506,74","1.489,37","1.506,74","1.474,43","32,52M","1,29%"
26.10.2022,"1.487,60","1.447,28","1.487,60","1.443,41","26,96M","3,02%"
25.10.2022,"1.444,02","1.438,79","1.450,33","1.422,44","28,56M","0,75%"
24.10.2022,"1.433,21","1.421,40","1.445,85","1.411,21","21,88M","1,53%"
21.10.2022,"1.411,62","1.421,96","1.424,90","1.397,28","19,44M","-1,04%"
20.10.2022,"1.426,52","1.399,59","1.429,16","1.385,16","34,18M","2,06%"
19.10.2022,"1.397,66","1.430,17","1.430,17","1.395,73","23,56M","-2,10%"
18.10.2022,"1.427,68","1.416,66","1.440,90","1.414,90","32,71M","0,96%"
17.10.2022,"1.414,06","1.400,06","1.418,65","1.384,60","18,74M","1,20%"
14.10.2022,"1.397,23","1.383,10","1.409,55","1.381,49","30,20M","2,85%"
13.10.2022,"1.358,50","1.378,57","1.381,48","1.337,71","34,53M","-1,36%"
12.10.2022,"1.377,19","1.389,02","1.391,14","1.369,65","30,59M","-0,34%"
11.10.2022,"1.381,84","1.377,66","1.405,98","1.360,70","22,46M","0,17%"
10.10.2022,"1.379,49","1.400,27","1.400,29","1.379,35","22,17M","-1,83%"
07.10.2022,"1.405,21","1.414,41","1.420,33","1.398,86","19,81M","-0,89%"
06.10.2022,"1.417,82","1.431,68","1.449,55","1.409,32","22,06M","-0,09%"
05.10.2022,"1.419,12","1.449,73","1.449,73","1.418,03","19,37M","-2,12%"
04.10.2022,"1.449,81","1.404,22","1.449,81","1.404,22","28,54M","4,53%"
03.10.2022,"1.386,96","1.379,80","1.388,96","1.344,02","22,66M","0,66%"
30.09.2022,"1.377,91","1.390,12","1.396,76","1.366,25","30,71M","-0,16%"
29.09.2022,"1.380,10","1.446,35","1.446,35","1.375,19","28,90M","-3,85%"
28.09.2022,"1.435,37","1.434,99","1.440,66","1.407,56","27,63M","-1,61%"
27.09.2022,"1.458,81","1.443,23","1.473,21","1.443,23","24,47M","1,80%"
26.09.2022,"1.433,08","1.446,43","1.450,70","1.410,71","33,98M","-1,69%"
23.09.2022,"1.457,78","1.518,03","1.518,03","1.453,76","20,61M","-3,98%"
22.09.2022,"1.518,19","1.498,10","1.526,89","1.485,31","16,19M","0,59%"
21.09.2022,"1.509,32","1.495,76","1.515,86","1.488,25","18,51M","0,80%"
20.09.2022,"1.497,41","1.532,86","1.546,50","1.497,41","18,77M","-1,95%"
19.09.2022,"1.527,25","1.498,57","1.528,70","1.496,79","20,05M","1,69%"
16.09.2022,"1.501,91","1.526,02","1.529,20","1.487,36","65,98M","-2,46%"
15.09.2022,"1.539,75","1.533,17","1.550,80","1.523,79","21,70M","0,75%"
14.09.2022,"1.528,29","1.511,59","1.531,76","1.507,20","20,37M","0,59%"
13.09.2022,"1.519,35","1.569,03","1.573,05","1.515,19","20,72M","-2,73%"
12.09.2022,"1.561,97","1.545,64","1.561,98","1.519,71","22,47M","1,78%"
09.09.2022,"1.534,68","1.487,50","1.534,68","1.487,50","24,75M","4,17%"
08.09.2022,"1.473,18","1.481,93","1.494,98","1.460,43","23,89M","0,26%"
07.09.2022,"1.469,42","1.445,54","1.471,34","1.431,36","26,61M","1,14%"
06.09.2022,"1.452,86","1.495,62","1.504,64","1.444,84","21,56M","-2,63%"
05.09.2022,"1.492,06","1.496,88","1.505,05","1.482,29","17,62M","-0,91%"
02.09.2022,"1.505,75","1.477,24","1.506,54","1.464,67","35,76M","2,95%"
01.09.2022,"1.462,59","1.522,52","1.522,52","1.462,59","32,44M","-4,29%"
31.08.2022,"1.528,22","1.540,93","1.548,25","1.513,50","49,11M","-0,45%"
30.08.2022,"1.535,11","1.578,24","1.583,57","1.532,85","22,57M","-2,43%"
29.08.2022,"1.573,35","1.585,54","1.585,54","1.552,60","21,69M","-1,84%"
26.08.2022,"1.602,81","1.635,66","1.637,07","1.596,06","22,81M","-1,79%"
25.08.2022,"1.632,00","1.633,09","1.650,70","1.622,55","26,24M","0,70%"
24.08.2022,"1.620,63","1.655,38","1.655,38","1.616,14","21,71M","-2,18%"
23.08.2022,"1.656,77","1.638,03","1.667,41","1.630,67","34,80M","1,02%"
22.08.2022,"1.640,02","1.669,20","1.670,29","1.630,00","18,51M","-1,99%"
19.08.2022,"1.673,40","1.685,24","1.698,82","1.668,62","22,24M","-1,55%"
18.08.2022,"1.699,68","1.683,89","1.703,78","1.672,48","17,69M","1,00%"
17.08.2022,"1.682,93","1.736,13","1.736,80","1.679,71","19,93M","-3,00%"
16.08.2022,"1.735,00","1.739,62","1.763,25","1.730,05","19,65M","0,00%"
12.08.2022,"1.735,07","1.721,18","1.737,25","1.716,38","16,55M","0,58%"
11.08.2022,"1.724,98","1.705,23","1.724,98","1.690,24","15,94M","1,82%"
10.08.2022,"1.694,11","1.683,41","1.702,17","1.661,42","19,88M","0,59%"
09.08.2022,"1.684,14","1.695,54","1.706,57","1.682,49","18,16M","-0,69%"
08.08.2022,"1.695,78","1.660,93","1.695,78","1.652,97","17,11M","2,64%"
05.08.2022,"1.652,14","1.685,30","1.696,43","1.643,02","20,53M","-1,33%"
04.08.2022,"1.674,37","1.690,68","1.697,16","1.666,85","27,14M","-0,81%"
03.08.2022,"1.688,03","1.702,13","1.702,32","1.679,92","26,68M","-1,49%"
02.08.2022,"1.713,61","1.728,07","1.728,48","1.709,85","20,93M","-1,32%"
01.08.2022,"1.736,47","1.723,75","1.736,47","1.714,65","17,73M","0,89%"
29.07.2022,"1.721,11","1.674,05","1.721,11","1.674,05","35,26M","3,24%"
28.07.2022,"1.667,17","1.661,43","1.679,66","1.652,86","43,98M","0,93%"
27.07.2022,"1.651,89","1.658,09","1.670,03","1.632,23","24,17M","-0,17%"
26.07.2022,"1.654,70","1.677,62","1.683,51","1.646,30","18,82M","-1,83%"
25.07.2022,"1.685,62","1.699,55","1.708,72","1.682,95","14,53M","-0,95%"
22.07.2022,"1.701,73","1.677,44","1.710,51","1.677,44","19,75M","1,11%"
21.07.2022,"1.683,09","1.697,09","1.702,40","1.665,34","17,54M","-0,68%"
20.07.2022,"1.694,58","1.688,47","1.701,91","1.678,74","18,26M","0,91%"
19.07.2022,"1.679,27","1.664,93","1.681,28","1.648,39","15,73M","0,59%"
18.07.2022,"1.669,48","1.632,83","1.670,33","1.632,83","17,50M","3,05%"
15.07.2022,"1.620,13","1.618,23","1.634,31","1.607,84","14,35M","0,38%"
14.07.2022,"1.613,98","1.655,76","1.660,85","1.601,32","22,61M","-2,52%"
13.07.2022,"1.655,65","1.663,76","1.678,86","1.643,36","21,09M","-0,47%"
12.07.2022,"1.663,46","1.707,70","1.707,70","1.663,05","21,79M","-2,98%"
11.07.2022,"1.714,56","1.713,21","1.725,66","1.700,85","26,76M","-1,49%"
08.07.2022,"1.740,46","1.707,55","1.742,95","1.698,13","21,82M","1,85%"
07.07.2022,"1.708,80","1.664,01","1.716,56","1.664,01","21,44M","3,26%"
06.07.2022,"1.654,84","1.649,50","1.668,17","1.629,79","27,22M","0,63%"
05.07.2022,"1.644,46","1.701,53","1.706,10","1.634,50","21,42M","-2,87%"
04.07.2022,"1.693,10","1.695,14","1.702,40","1.665,59","19,28M","0,25%"
01.07.2022,"1.688,85","1.690,71","1.717,96","1.686,98","17,93M","-0,42%"
30.06.2022,"1.695,97","1.720,32","1.720,32","1.689,04","24,27M","-2,15%"
29.06.2022,"1.733,19","1.726,38","1.738,60","1.711,84","20,21M","-0,34%"
28.06.2022,"1.739,08","1.722,58","1.744,91","1.722,58","22,32M","1,51%"
27.06.2022,"1.713,18","1.691,89","1.715,62","1.690,74","17,80M","1,83%"
24.06.2022,"1.682,33","1.659,92","1.686,33","1.654,61","14,82M","1,69%"
23.06.2022,"1.654,32","1.678,01","1.690,32","1.653,80","16,72M","-1,56%"
22.06.2022,"1.680,61","1.700,92","1.700,92","1.667,82","18,24M","-2,24%"
21.06.2022,"1.719,05","1.689,11","1.719,05","1.689,11","16,02M","2,33%"
20.06.2022,"1.679,89","1.684,09","1.695,98","1.678,23","13,56M","0,19%"
17.06.2022,"1.676,67","1.682,30","1.706,17","1.665,88","47,69M","-1,78%"
15.06.2022,"1.707,11","1.707,38","1.711,95","1.672,46","28,39M","0,18%"
14.06.2022,"1.704,07","1.692,92","1.706,50","1.680,68","22,80M","1,33%"
13.06.2022,"1.681,75","1.704,52","1.707,25","1.674,39","21,75M","-2,52%"
10.06.2022,"1.725,18","1.761,24","1.761,24","1.720,39","18,56M","-2,39%"
09.06.2022,"1.767,50","1.793,03","1.800,65","1.762,92","18,44M","-1,41%"
08.06.2022,"1.792,80","1.827,61","1.830,66","1.783,21","19,17M","-1,96%"
07.06.2022,"1.828,57","1.838,63","1.838,63","1.816,40","16,20M","-1,13%"
06.06.2022,"1.849,55","1.827,04","1.851,22","1.821,82","10,56M","1,62%"
03.06.2022,"1.819,99","1.845,65","1.851,34","1.812,39","16,46M","-0,75%"
02.06.2022,"1.833,76","1.825,19","1.840,38","1.814,50","15,32M","0,61%"
01.06.2022,"1.822,57","1.846,59","1.846,59","1.818,87","19,65M","-1,10%"
31.05.2022,"1.842,93","1.859,04","1.862,95","1.837,62","51,23M","-0,84%"
30.05.2022,"1.858,60","1.829,08","1.859,20","1.827,52","18,91M","2,65%"
27.05.2022,"1.810,68","1.827,36","1.832,19","1.800,31","24,98M","-0,89%"
26.05.2022,"1.827,01","1.798,70","1.832,27","1.790,87","23,21M","1,69%"
25.05.2022,"1.796,58","1.823,39","1.833,56","1.789,67","21,06M","-0,80%"
24.05.2022,"1.810,98","1.825,08","1.844,86","1.810,98","30,46M","-1,41%"
23.05.2022,"1.836,87","1.798,11","1.836,98","1.798,11","33,30M","3,04%"
20.05.2022,"1.782,66","1.787,07","1.806,82","1.782,66","28,11M","0,35%"
19.05.2022,"1.776,40","1.780,36","1.789,69","1.753,51","30,98M","-1,40%"
18.05.2022,"1.801,68","1.807,17","1.827,63","1.801,68","30,96M","0,06%"
17.05.2022,"1.800,55","1.777,41","1.818,05","1.769,03","33,00M","2,18%"
16.05.2022,"1.762,22","1.761,15","1.796,30","1.746,66","24,96M","-0,19%"
13.05.2022,"1.765,63","1.709,53","1.774,92","1.709,53","26,24M","4,38%"
12.05.2022,"1.691,62","1.692,71","1.713,59","1.652,30","35,36M","-1,54%"
11.05.2022,"1.718,07","1.728,70","1.744,76","1.710,15","29,86M","-0,07%"
10.05.2022,"1.719,24","1.735,81","1.748,73","1.703,90","30,85M","-0,47%"
09.05.2022,"1.727,34","1.757,77","1.759,99","1.724,48","16,71M","-2,14%"
06.05.2022,"1.765,14","1.763,62","1.765,14","1.717,48","25,82M","-0,04%"
05.05.2022,"1.765,85","1.832,60","1.849,71","1.765,85","31,28M","-2,58%"
04.05.2022,"1.812,56","1.834,06","1.836,87","1.808,20","24,91M","-0,63%"
02.05.2022,"1.824,05","1.854,26","1.854,26","1.816,50","15,50M","-1,83%"
29.04.2022,"1.858,12","1.898,54","1.915,32","1.850,37","33,61M","-1,40%"
28.04.2022,"1.884,42","1.903,66","1.916,25","1.872,10","25,55M","0,07%"
27.04.2022,"1.883,09","1.897,03","1.898,84","1.867,06","24,60M","-0,70%"
26.04.2022,"1.896,46","1.938,86","1.951,36","1.894,28","30,87M","-1,20%"
25.04.2022,"1.919,55","1.951,03","1.966,80","1.909,93","30,62M","-2,72%"
22.04.2022,"1.973,31","2.028,28","2.028,28","1.973,31","19,52M","-2,73%"
21.04.2022,"2.028,76","2.059,40","2.068,70","2.028,76","26,01M","-0,93%"
20.04.2022,"2.047,81","2.076,95","2.094,91","2.047,81","23,61M","-1,00%"
19.04.2022,"2.068,52","2.098,17","2.103,49","2.046,24","27,96M","-1,18%"
14.04.2022,"2.093,17","2.109,37","2.116,40","2.088,70","12,88M","-0,53%"
13.04.2022,"2.104,32","2.103,07","2.112,82","2.087,13","17,60M","0,49%"
12.04.2022,"2.094,01","2.115,34","2.115,34","2.091,76","24,57M","-1,30%"
11.04.2022,"2.121,65","2.081,23","2.121,65","2.066,56","21,24M","1,75%"
08.04.2022,"2.085,07","2.089,75","2.105,49","2.073,85","19,45M","0,41%"
07.04.2022,"2.076,63","2.110,89","2.116,47","2.076,63","24,83M","-1,48%"
06.04.2022,"2.107,82","2.124,38","2.127,28","2.083,93","23,04M","-0,74%"
05.04.2022,"2.123,49","2.164,28","2.170,09","2.120,76","17,81M","-1,59%"
04.04.2022,"2.157,79","2.171,43","2.181,17","2.144,42","23,13M","-0,32%"
01.04.2022,"2.164,81","2.143,61","2.168,05","2.142,22","17,12M","1,49%"
31.03.2022,"2.133,05","2.177,34","2.182,92","2.133,05","26,64M","-2,13%"
30.03.2022,"2.179,56","2.178,29","2.187,85","2.158,86","26,88M","0,37%"
29.03.2022,"2.171,56","2.134,55","2.182,97","2.107,74","34,98M","2,28%"
28.03.2022,"2.123,12","2.112,73","2.143,35","2.112,73","23,78M","0,36%"
25.03.2022,"2.115,58","2.142,22","2.147,17","2.098,97","22,95M","-1,09%"
24.03.2022,"2.138,80","2.130,03","2.154,29","2.112,60","27,07M","0,85%"
23.03.2022,"2.120,86","2.129,62","2.148,04","2.103,09","17,61M","-0,03%"
22.03.2022,"2.121,52","2.096,64","2.125,06","2.096,50","22,53M","1,36%"
21.03.2022,"2.093,04","2.098,58","2.125,13","2.082,38","20,67M","-0,30%"
18.03.2022,"2.099,26","2.122,59","2.137,12","2.088,08","77,18M","-1,22%"
17.03.2022,"2.125,29","2.070,66","2.125,29","2.070,66","40,72M","3,17%"
16.03.2022,"2.060,07","2.018,99","2.067,13","2.018,99","44,62M","3,01%"
15.03.2022,"1.999,93","1.968,78","2.018,37","1.950,63","30,43M","1,41%"
14.03.2022,"1.972,14","2.038,11","2.038,11","1.972,14","30,40M","-3,02%"
11.03.2022,"2.033,49","1.983,15","2.045,15","1.983,15","37,21M","3,21%"
10.03.2022,"1.970,27","1.983,05","1.992,24","1.950,24","36,31M","-0,15%"
09.03.2022,"1.973,25","1.937,96","1.981,13","1.933,67","43,61M","3,41%"
08.03.2022,"1.908,10","1.922,98","1.971,77","1.899,22","45,47M","-1,39%"
07.03.2022,"1.934,94","1.898,74","1.956,36","1.860,10","86,73M","0,84%"
04.03.2022,"1.918,75","2.000,16","2.000,16","1.894,88","53,30M","-4,52%"
03.03.2022,"2.009,56","2.053,82","2.068,52","2.005,47","71,58M","-1,68%"
02.03.2022,"2.043,96","1.966,40","2.043,96","1.954,93","75,62M","3,91%"
01.03.2022,"1.967,01","2.006,15","2.050,89","1.964,71","56,78M","-1,64%"
28.02.2022,"1.999,88","1.937,89","2.010,06","1.890,33","77,83M","1,48%"
25.02.2022,"1.970,78","1.850,34","1.993,78","1.850,34","51,01M","8,44%"
24.02.2022,"1.817,45","1.929,14","1.929,14","1.781,02","78,80M","-10,87%"
23.02.2022,"2.038,99","2.110,35","2.129,52","2.038,99","26,14M","-2,97%"
22.02.2022,"2.101,31","2.038,58","2.106,97","2.010,54","37,64M","1,54%"
21.02.2022,"2.069,53","2.149,19","2.162,80","2.059,49","21,36M","-3,44%"
18.02.2022,"2.143,28","2.172,08","2.188,88","2.143,28","17,81M","-1,49%"
17.02.2022,"2.175,61","2.215,90","2.218,30","2.168,46","22,77M","-1,68%"
16.02.2022,"2.212,73","2.224,29","2.246,54","2.201,69","22,24M","0,14%"
15.02.2022,"2.209,70","2.170,43","2.222,01","2.170,43","20,51M","2,22%"
14.02.2022,"2.161,79","2.154,92","2.172,61","2.119,71","27,76M","-1,88%"
11.02.2022,"2.203,13","2.203,02","2.203,52","2.172,72","17,73M","-0,46%"
10.02.2022,"2.213,21","2.235,91","2.244,73","2.201,11","17,32M","-1,02%"
09.02.2022,"2.235,93","2.220,47","2.236,48","2.216,91","24,72M","0,94%"
08.02.2022,"2.215,12","2.176,00","2.215,12","2.171,41","24,29M","2,00%"
07.02.2022,"2.171,62","2.181,87","2.201,40","2.149,25","22,24M","-0,14%"
04.02.2022,"2.174,57","2.239,14","2.242,69","2.174,57","21,82M","-2,71%"
03.02.2022,"2.235,15","2.249,40","2.250,75","2.225,26","34,10M","-0,79%"
02.02.2022,"2.252,92","2.229,44","2.262,18","2.221,30","29,15M","1,29%"
01.02.2022,"2.224,28","2.219,99","2.238,58","2.210,41","17,50M","0,66%"
31.01.2022,"2.209,62","2.198,34","2.218,58","2.191,24","30,05M","1,19%"
28.01.2022,"2.183,70","2.232,26","2.232,26","2.167,61","31,31M","-2,27%"
27.01.2022,"2.234,33","2.218,18","2.241,77","2.197,75","23,45M","0,05%"
26.01.2022,"2.233,18","2.204,53","2.245,72","2.204,53","22,17M","1,53%"
25.01.2022,"2.199,60","2.170,85","2.214,87","2.170,45","30,00M","1,35%"
24.01.2022,"2.170,36","2.270,73","2.282,96","2.153,81","36,08M","-4,55%"
21.01.2022,"2.273,81","2.298,12","2.298,12","2.257,71","26,13M","-1,52%"
20.01.2022,"2.308,94","2.321,60","2.331,17","2.299,73","26,14M","-0,35%"
19.01.2022,"2.316,94","2.304,66","2.337,74","2.291,46","49,75M","-0,02%"
18.01.2022,"2.317,36","2.361,68","2.361,68","2.317,23","18,96M","-2,03%"
17.01.2022,"2.365,29","2.378,90","2.387,33","2.359,30","21,18M","-0,75%"
14.01.2022,"2.383,16","2.402,92","2.413,59","2.370,11","25,18M","-1,02%"
13.01.2022,"2.407,62","2.406,83","2.429,03","2.397,64","36,97M","-0,14%"
12.01.2022,"2.411,11","2.350,99","2.411,11","2.350,99","46,03M","2,84%"
11.01.2022,"2.344,45","2.300,38","2.345,44","2.296,03","30,82M","2,32%"
10.01.2022,"2.291,23","2.311,34","2.328,41","2.289,59","22,61M","-0,90%"
07.01.2022,"2.311,93","2.309,61","2.314,16","2.278,63","29,72M","0,04%"
05.01.2022,"2.310,97","2.296,70","2.310,97","2.283,63","23,37M","0,45%"
04.01.2022,"2.300,68","2.293,18","2.301,76","2.281,04","22,49M","0,62%"
03.01.2022,"2.286,50","2.272,18","2.302,11","2.272,18","19,20M","0,86%"
30.12.2021,"2.266,92","2.263,39","2.266,92","2.247,73","16,10M","0,28%"
29.12.2021,"2.260,70","2.245,28","2.263,76","2.242,80","17,26M","0,37%"
28.12.2021,"2.252,43","2.222,54","2.252,43","2.219,10","23,31M","1,18%"
27.12.2021,"2.226,24","2.226,82","2.232,08","2.210,90","15,66M","0,02%"
23.12.2021,"2.225,80","2.215,19","2.228,64","2.213,67","18,95M","0,61%"
22.12.2021,"2.212,32","2.190,04","2.212,32","2.186,67","14,59M","1,23%"
21.12.2021,"2.185,47","2.193,98","2.206,73","2.185,27","18,66M","-0,20%"
20.12.2021,"2.189,91","2.168,37","2.193,18","2.144,30","23,43M","-0,21%"
17.12.2021,"2.194,56","2.206,89","2.208,54","2.183,83","62,49M","-0,87%"
16.12.2021,"2.213,89","2.177,87","2.216,95","2.177,87","30,88M","2,45%"
15.12.2021,"2.161,04","2.211,49","2.211,49","2.153,69","24,07M","-2,30%"
14.12.2021,"2.211,81","2.217,45","2.226,58","2.197,46","25,76M","-0,12%"
13.12.2021,"2.214,38","2.216,22","2.244,59","2.205,11","23,53M","0,03%"
10.12.2021,"2.213,78","2.212,19","2.226,15","2.203,22","13,69M","0,04%"
09.12.2021,"2.212,81","2.214,59","2.237,73","2.184,35","27,98M","-0,31%"
08.12.2021,"2.219,62","2.234,64","2.244,71","2.214,40","24,25M","-0,52%"
07.12.2021,"2.231,12","2.201,86","2.237,32","2.201,86","32,33M","1,85%"
06.12.2021,"2.190,67","2.184,60","2.199,87","2.175,93","20,25M","0,50%"
03.12.2021,"2.179,71","2.209,95","2.223,51","2.176,74","29,60M","-1,01%"
02.12.2021,"2.201,86","2.208,07","2.208,07","2.179,15","28,36M","-0,69%"
01.12.2021,"2.217,18","2.205,85","2.229,12","2.193,19","31,39M","1,04%"
30.11.2021,"2.194,37","2.133,69","2.199,73","2.118,81","72,23M","2,13%"
29.11.2021,"2.148,62","2.148,59","2.168,81","2.120,23","31,74M","0,26%"
26.11.2021,"2.143,13","2.193,90","2.193,90","2.138,75","39,40M","-3,87%"
25.11.2021,"2.229,44","2.244,79","2.247,36","2.218,45","18,90M","-0,46%"
24.11.2021,"2.239,75","2.268,15","2.275,74","2.230,01","20,34M","-0,95%"
23.11.2021,"2.261,15","2.245,04","2.268,99","2.223,71","24,01M","0,59%"
22.11.2021,"2.247,82","2.251,08","2.262,74","2.237,64","25,60M","-0,02%"
19.11.2021,"2.248,18","2.271,91","2.286,37","2.221,68","34,66M","-1,02%"
18.11.2021,"2.271,31","2.316,90","2.316,90","2.258,90","28,22M","-1,99%"
17.11.2021,"2.317,49","2.346,41","2.354,67","2.312,13","22,13M","-0,96%"
16.11.2021,"2.340,03","2.336,33","2.350,13","2.333,66","22,25M","0,21%"
15.11.2021,"2.335,04","2.358,49","2.384,74","2.335,04","27,79M","-0,98%"
12.11.2021,"2.358,23","2.372,28","2.390,77","2.358,23","28,82M","-0,35%"
10.11.2021,"2.366,59","2.393,48","2.407,83","2.355,75","25,13M","-1,19%"
09.11.2021,"2.395,05","2.420,42","2.423,89","2.393,20","24,50M","-1,19%"
08.11.2021,"2.423,92","2.444,16","2.449,64","2.417,29","19,32M","-0,62%"
05.11.2021,"2.439,16","2.439,09","2.443,77","2.419,57","23,57M","0,01%"
04.11.2021,"2.438,80","2.386,85","2.441,93","2.386,85","28,52M","2,47%"
03.11.2021,"2.380,11","2.411,54","2.428,52","2.370,99","23,05M","-1,14%"
02.11.2021,"2.407,53","2.411,73","2.421,09","2.388,14","30,29M","0,10%"
29.10.2021,"2.405,05","2.390,05","2.421,65","2.377,84","28,47M","0,52%"
28.10.2021,"2.392,67","2.405,47","2.411,60","2.391,93","23,66M","-0,51%"
27.10.2021,"2.404,82","2.423,22","2.423,22","2.389,35","22,42M","-0,84%"
26.10.2021,"2.425,29","2.429,41","2.442,53","2.417,03","19,90M","-0,08%"
25.10.2021,"2.427,19","2.415,52","2.430,62","2.415,52","16,54M","0,42%"
22.10.2021,"2.417,09","2.425,02","2.436,87","2.412,57","16,12M","-0,42%"
21.10.2021,"2.427,35","2.433,75","2.433,75","2.418,23","18,09M","-0,65%"
20.10.2021,"2.443,11","2.447,07","2.453,57","2.432,33","22,26M","-0,18%"
19.10.2021,"2.447,54","2.461,73","2.472,34","2.438,14","21,72M","-0,50%"
18.10.2021,"2.459,81","2.458,45","2.474,44","2.452,44","17,27M","0,24%"
15.10.2021,"2.453,98","2.459,71","2.461,17","2.438,38","29,70M","-0,22%"
14.10.2021,"2.459,50","2.455,60","2.473,32","2.447,11","35,86M","0,31%"
13.10.2021,"2.451,89","2.471,12","2.473,93","2.439,48","36,42M","-0,83%"
12.10.2021,"2.472,33","2.449,09","2.478,55","2.429,66","41,70M","0,61%"
11.10.2021,"2.457,36","2.413,12","2.457,36","2.409,01","24,02M","1,92%"
08.10.2021,"2.411,12","2.360,56","2.415,15","2.360,56","30,32M","2,19%"
07.10.2021,"2.359,54","2.353,18","2.365,41","2.334,37","23,40M","0,43%"
06.10.2021,"2.349,46","2.365,20","2.365,20","2.329,59","27,55M","-0,65%"
05.10.2021,"2.364,72","2.338,92","2.365,14","2.320,67","19,72M","1,14%"
04.10.2021,"2.338,09","2.325,08","2.360,69","2.306,16","25,60M","0,44%"
01.10.2021,"2.327,88","2.299,01","2.332,78","2.284,34","19,98M","0,76%"
30.09.2021,"2.310,29","2.299,33","2.314,35","2.294,48","31,18M","0,84%"
29.09.2021,"2.290,97","2.277,48","2.299,84","2.271,60","14,39M","0,67%"
28.09.2021,"2.275,68","2.289,15","2.298,68","2.270,88","18,88M","-0,73%"
27.09.2021,"2.292,47","2.308,17","2.314,80","2.285,15","19,10M","-0,29%"
24.09.2021,"2.299,18","2.323,41","2.326,78","2.295,88","19,27M","-0,92%"
23.09.2021,"2.320,51","2.345,99","2.353,45","2.315,20","20,17M","-0,58%"
22.09.2021,"2.334,10","2.295,39","2.335,18","2.295,39","16,13M","2,46%"
21.09.2021,"2.278,11","2.271,99","2.302,02","2.271,94","19,64M","0,25%"
20.09.2021,"2.272,52","2.316,96","2.316,96","2.259,28","29,45M","-2,59%"
17.09.2021,"2.333,01","2.356,48","2.359,97","2.326,12","41,81M","-1,03%"
16.09.2021,"2.357,28","2.351,20","2.367,65","2.347,03","24,99M","0,09%"
15.09.2021,"2.355,23","2.365,73","2.368,41","2.348,33","27,75M","-0,87%"
14.09.2021,"2.376,01","2.367,42","2.381,69","2.356,63","24,38M","-0,49%"
13.09.2021,"2.387,74","2.365,69","2.387,74","2.362,83","18,83M","1,15%"
10.09.2021,"2.360,70","2.357,98","2.377,01","2.357,98","16,23M","0,18%"
09.09.2021,"2.356,39","2.356,60","2.361,31","2.341,53","14,50M","-0,35%"
08.09.2021,"2.364,63","2.390,92","2.390,92","2.361,41","20,55M","-1,26%"
07.09.2021,"2.394,79","2.409,03","2.409,10","2.388,22","14,66M","-0,89%"
06.09.2021,"2.416,38","2.379,29","2.416,38","2.379,29","13,17M","1,49%"
03.09.2021,"2.380,82","2.392,26","2.393,71","2.370,71","14,36M","-0,46%"
02.09.2021,"2.391,94","2.375,04","2.391,94","2.363,26","18,96M","0,88%"
01.09.2021,"2.371,16","2.367,66","2.387,46","2.367,66","17,99M","0,13%"
31.08.2021,"2.368,03","2.347,73","2.379,63","2.347,73","31,00M","0,76%"
30.08.2021,"2.350,23","2.324,67","2.350,93","2.324,67","13,73M","1,14%"
27.08.2021,"2.323,77","2.310,63","2.323,77","2.295,89","11,84M","0,62%"
26.08.2021,"2.309,44","2.321,75","2.326,62","2.307,66","10,05M","-0,68%"
25.08.2021,"2.325,19","2.297,64","2.325,19","2.291,03","13,89M","1,06%"
24.08.2021,"2.300,90","2.293,79","2.300,90","2.282,35","14,31M","0,58%"
23.08.2021,"2.287,52","2.264,45","2.290,92","2.264,45","21,32M","1,42%"
20.08.2021,"2.255,56","2.263,51","2.263,51","2.247,35","14,21M","-0,20%"
19.08.2021,"2.260,02","2.270,18","2.270,95","2.240,78","19,68M","-1,09%"
18.08.2021,"2.284,97","2.300,19","2.301,58","2.275,03","13,45M","-0,66%"
17.08.2021,"2.300,04","2.282,70","2.300,04","2.279,19","15,60M","0,79%"
16.08.2021,"2.282,10","2.289,95","2.297,14","2.280,31","10,66M","-0,87%"
13.08.2021,"2.302,03","2.298,99","2.302,10","2.290,22","11,45M","0,19%"
12.08.2021,"2.297,72","2.281,08","2.297,72","2.277,19","16,57M","0,61%"
11.08.2021,"2.283,69","2.272,93","2.283,69","2.261,47","16,18M","0,28%"
10.08.2021,"2.277,23","2.275,63","2.284,79","2.268,38","12,81M","0,12%"
09.08.2021,"2.274,48","2.271,56","2.279,90","2.267,14","10,39M","0,03%"
06.08.2021,"2.273,89","2.272,53","2.276,00","2.255,61","14,71M","0,14%"
05.08.2021,"2.270,67","2.270,83","2.275,58","2.259,76","15,52M","-0,06%"
04.08.2021,"2.272,09","2.262,05","2.280,65","2.261,60","12,49M","0,64%"
03.08.2021,"2.257,73","2.261,94","2.272,82","2.249,63","15,65M","0,20%"
02.08.2021,"2.253,28","2.261,61","2.266,44","2.248,02","11,74M","-0,01%"
30.07.2021,"2.253,45","2.254,07","2.258,76","2.244,23","22,44M","-0,54%"
29.07.2021,"2.265,69","2.257,08","2.268,30","2.257,08","16,33M","0,89%"
28.07.2021,"2.245,76","2.223,20","2.249,22","2.217,76","13,82M","0,95%"
27.07.2021,"2.224,59","2.241,05","2.241,05","2.214,24","10,72M","-0,72%"
26.07.2021,"2.240,65","2.249,57","2.250,75","2.221,14","12,55M","-0,08%"
23.07.2021,"2.242,41","2.234,32","2.243,32","2.232,83","15,03M","0,56%"
22.07.2021,"2.229,86","2.247,69","2.252,95","2.226,21","10,96M","-0,54%"
21.07.2021,"2.241,97","2.215,48","2.254,33","2.215,48","17,38M","0,93%"
20.07.2021,"2.221,28","2.210,63","2.223,97","2.198,29","17,11M","0,70%"
19.07.2021,"2.205,86","2.254,48","2.254,48","2.196,01","19,85M","-2,31%"
16.07.2021,"2.258,10","2.260,80","2.272,02","2.253,48","13,64M","-0,11%"
15.07.2021,"2.260,49","2.268,01","2.281,76","2.255,35","15,89M","-0,36%"
14.07.2021,"2.268,57","2.266,88","2.280,19","2.262,99","17,34M","0,19%"
13.07.2021,"2.264,26","2.259,00","2.279,40","2.258,36","16,11M","0,39%"
12.07.2021,"2.255,48","2.253,56","2.262,35","2.244,10","17,28M","0,16%"
09.07.2021,"2.251,78","2.241,61","2.258,77","2.233,98","14,57M","0,77%"
08.07.2021,"2.234,60","2.280,62","2.280,62","2.230,62","23,27M","-2,24%"
07.07.2021,"2.285,79","2.234,52","2.292,49","2.234,52","24,21M","2,57%"
06.07.2021,"2.228,46","2.262,83","2.268,55","2.228,46","15,38M","-1,34%"
05.07.2021,"2.258,82","2.255,07","2.264,33","2.254,01","11,13M","0,29%"
02.07.2021,"2.252,18","2.258,56","2.269,40","2.249,91","15,01M","0,07%"
01.07.2021,"2.250,58","2.223,84","2.255,33","2.223,84","26,31M","1,45%"
30.06.2021,"2.218,41","2.257,62","2.264,36","2.218,41","30,17M","-1,76%"
29.06.2021,"2.258,24","2.281,71","2.283,15","2.251,62","20,80M","-1,21%"
28.06.2021,"2.285,81","2.280,67","2.293,02","2.260,40","14,43M","0,15%"
25.06.2021,"2.282,46","2.271,93","2.291,37","2.269,55","18,35M","0,41%"
24.06.2021,"2.273,11","2.237,56","2.276,77","2.233,03","21,55M","1,76%"
23.06.2021,"2.233,70","2.222,93","2.238,66","2.217,36","12,35M","0,59%"
22.06.2021,"2.220,53","2.226,22","2.234,65","2.204,52","17,20M","0,05%"
21.06.2021,"2.219,45","2.210,86","2.223,35","2.189,24","13,48M","-0,06%"
18.06.2021,"2.220,68","2.208,65","2.224,42","2.203,47","50,66M","0,41%"
17.06.2021,"2.211,58","2.215,45","2.221,62","2.204,74","23,15M","-0,62%"
16.06.2021,"2.225,27","2.232,65","2.244,07","2.225,14","24,20M","-0,23%"
15.06.2021,"2.230,37","2.262,55","2.269,21","2.230,10","22,22M","-1,01%"
14.06.2021,"2.253,20","2.229,99","2.253,20","2.228,81","12,60M","1,28%"
11.06.2021,"2.224,67","2.238,75","2.239,30","2.224,15","17,32M","-0,55%"
10.06.2021,"2.236,89","2.217,70","2.242,70","2.210,07","22,44M","0,83%"
09.06.2021,"2.218,45","2.239,73","2.245,08","2.215,18","21,21M","-0,86%"
08.06.2021,"2.237,61","2.241,03","2.247,11","2.223,20","25,08M","-0,40%"
07.06.2021,"2.246,63","2.254,62","2.273,28","2.245,49","21,17M","-0,35%"
04.06.2021,"2.254,59","2.252,84","2.261,39","2.230,69","25,16M","0,10%"
02.06.2021,"2.252,26","2.234,69","2.253,32","2.233,99","24,45M","0,85%"
01.06.2021,"2.233,37","2.234,87","2.268,18","2.226,59","23,32M","0,00%"
31.05.2021,"2.233,36","2.237,25","2.250,45","2.227,27","16,71M","-0,13%"
28.05.2021,"2.236,31","2.210,53","2.237,01","2.210,53","27,21M","1,31%"
27.05.2021,"2.207,47","2.167,52","2.208,23","2.165,53","45,27M","1,97%"
26.05.2021,"2.164,89","2.156,44","2.172,50","2.143,24","33,87M","0,52%"
25.05.2021,"2.153,78","2.144,00","2.157,82","2.131,94","28,53M","0,92%"
24.05.2021,"2.134,18","2.138,36","2.139,33","2.127,30","19,81M","-0,23%"
21.05.2021,"2.139,06","2.130,95","2.149,09","2.126,30","29,83M","0,37%"
20.05.2021,"2.131,18","2.121,01","2.134,93","2.100,73","32,57M","0,76%"
19.05.2021,"2.115,15","2.123,90","2.129,88","2.107,33","26,38M","-1,00%"
18.05.2021,"2.136,54","2.142,32","2.154,13","2.132,83","28,21M","0,38%"
17.05.2021,"2.128,49","2.102,62","2.129,99","2.102,62","22,93M","1,71%"
14.05.2021,"2.092,80","2.096,96","2.103,30","2.062,64","23,11M","0,17%"
13.05.2021,"2.089,32","2.083,41","2.095,86","2.049,81","32,20M","-0,10%"
12.05.2021,"2.091,39","2.112,89","2.123,47","2.084,77","26,48M","-0,90%"
11.05.2021,"2.110,48","2.108,43","2.116,51","2.078,10","46,96M","-0,25%"
10.05.2021,"2.115,70","2.115,79","2.142,57","2.108,34","25,94M","0,88%"
07.05.2021,"2.097,31","2.061,36","2.099,19","2.061,36","25,89M","2,47%"
06.05.2021,"2.046,67","2.053,20","2.076,80","2.040,40","26,38M","-0,03%"
05.05.2021,"2.047,36","2.015,97","2.052,17","2.014,52","21,52M","2,16%"
04.05.2021,"2.004,04","2.046,24","2.046,24","1.999,81","24,34M","-1,65%"
30.04.2021,"2.037,59","2.061,00","2.065,47","2.037,20","26,43M","-0,64%"
29.04.2021,"2.050,69","2.043,59","2.081,94","2.040,02","47,08M","1,04%"
28.04.2021,"2.029,64","2.000,40","2.033,79","2.000,18","43,35M","1,54%"
27.04.2021,"1.998,92","2.006,17","2.013,57","1.996,40","19,35M","-0,31%"
26.04.2021,"2.005,10","1.994,54","2.005,10","1.978,87","18,12M","0,93%"
23.04.2021,"1.986,63","1.990,18","1.990,80","1.961,71","25,70M","-0,16%"
22.04.2021,"1.989,73","1.986,54","2.004,64","1.986,54","19,12M","0,37%"
21.04.2021,"1.982,40","1.987,94","1.988,36","1.968,98","24,04M","-0,27%"
20.04.2021,"1.987,76","2.001,93","2.013,61","1.983,45","26,62M","-0,56%"
19.04.2021,"1.998,99","2.016,04","2.039,72","1.994,85","28,60M","-0,66%"
16.04.2021,"2.012,27","2.019,50","2.026,55","2.001,71","27,39M","-0,35%"
15.04.2021,"2.019,29","2.015,11","2.024,65","2.002,04","24,16M","0,36%"
14.04.2021,"2.011,96","1.986,19","2.011,96","1.986,19","28,77M","1,89%"
13.04.2021,"1.974,73","1.983,40","1.991,19","1.967,70","27,87M","-0,40%"
12.04.2021,"1.982,58","1.975,05","1.983,85","1.961,61","54,89M","0,38%"
09.04.2021,"1.975,11","1.981,23","1.987,55","1.964,05","40,17M","-0,26%"
08.04.2021,"1.980,32","2.004,55","2.006,99","1.971,26","25,52M","-0,92%"
07.04.2021,"1.998,73","2.012,08","2.012,08","1.990,15","24,86M","-0,70%"
06.04.2021,"2.012,87","1.965,18","2.012,87","1.965,18","32,04M","2,99%"
01.04.2021,"1.954,38","1.942,53","1.959,19","1.937,14","28,61M","0,80%"
31.03.2021,"1.938,84","1.949,00","1.954,40","1.927,77","30,61M","-0,18%"
30.03.2021,"1.942,32","1.963,34","1.969,48","1.935,90","20,45M","-0,55%"
29.03.2021,"1.953,02","1.922,29","1.955,75","1.922,29","25,52M","1,79%"
26.03.2021,"1.918,71","1.891,11","1.925,48","1.887,67","21,57M","2,23%"
25.03.2021,"1.876,85","1.901,84","1.911,57","1.868,06","31,15M","-1,22%"
24.03.2021,"1.899,95","1.910,28","1.910,73","1.888,36","29,08M","-1,23%"
23.03.2021,"1.923,55","1.933,56","1.934,37","1.905,90","22,75M","-0,29%"
22.03.2021,"1.929,12","1.921,50","1.949,37","1.921,50","36,85M","0,08%"
19.03.2021,"1.927,56","1.950,51","1.954,88","1.925,51","68,17M","-1,69%"
18.03.2021,"1.960,75","1.941,91","1.966,90","1.938,05","30,62M","1,12%"
17.03.2021,"1.939,01","1.976,47","1.976,47","1.912,98","68,19M","-2,14%"
16.03.2021,"1.981,41","2.005,15","2.012,84","1.977,17","23,58M","-0,99%"
15.03.2021,"2.001,24","2.012,38","2.029,17","1.997,76","19,98M","-0,24%"
12.03.2021,"2.006,11","1.993,99","2.012,91","1.983,11","19,55M","0,59%"
11.03.2021,"1.994,38","2.012,36","2.020,76","1.983,64","24,28M","-0,46%"
10.03.2021,"2.003,55","1.997,63","2.017,62","1.997,63","31,71M","0,47%"
09.03.2021,"1.994,18","1.966,81","2.010,33","1.962,85","36,78M","1,47%"
08.03.2021,"1.965,25","1.950,85","1.968,14","1.944,49","26,76M","1,32%"
05.03.2021,"1.939,59","1.940,32","1.952,97","1.927,59","28,37M","-0,27%"
04.03.2021,"1.944,86","1.935,36","1.951,02","1.914,50","28,79M","0,08%"
03.03.2021,"1.943,24","1.963,17","1.989,78","1.936,22","29,32M","-0,83%"
02.03.2021,"1.959,52","1.947,45","1.969,69","1.938,13","28,97M","0,51%"
01.03.2021,"1.949,57","1.925,94","1.950,47","1.917,58","29,77M","2,22%"
26.02.2021,"1.907,28","1.912,25","1.928,90","1.888,55","54,39M","-1,51%"
25.02.2021,"1.936,47","1.955,61","1.967,63","1.936,13","32,92M","-0,07%"
24.02.2021,"1.937,90","1.926,18","1.954,22","1.924,64","27,51M","0,80%"
23.02.2021,"1.922,59","1.969,01","1.976,38","1.895,02","31,47M","-1,99%"
22.02.2021,"1.961,62","1.978,70","1.978,70","1.958,36","23,61M","-1,19%"
19.02.2021,"1.985,31","1.985,99","1.998,69","1.971,80","28,90M","0,23%"
18.02.2021,"1.980,77","1.990,16","2.020,46","1.978,88","34,65M","-0,30%"
17.02.2021,"1.986,80","2.005,98","2.008,20","1.980,26","28,84M","-0,88%"
16.02.2021,"2.004,54","1.977,89","2.022,16","1.976,58","32,79M","1,50%"
15.02.2021,"1.974,82","1.946,97","1.980,77","1.946,97","16,08M","1,95%"
12.02.2021,"1.937,07","1.951,43","1.953,69","1.919,72","15,01M","-0,91%"
11.02.2021,"1.954,92","1.922,62","1.961,69","1.922,62","19,74M","1,95%"
10.02.2021,"1.917,54","1.947,63","1.954,36","1.910,15","18,76M","-1,24%"
09.02.2021,"1.941,60","1.954,67","1.958,14","1.935,49","19,00M","-0,54%"
08.02.2021,"1.952,10","1.970,16","1.975,67","1.948,48","21,30M","-0,29%"
05.02.2021,"1.957,73","1.937,72","1.971,28","1.934,96","19,16M","1,59%"
04.02.2021,"1.927,02","1.945,60","1.961,12","1.924,95","20,88M","-0,70%"
03.02.2021,"1.940,69","1.961,77","1.973,74","1.934,98","24,77M","-0,68%"
02.02.2021,"1.954,02","1.973,17","1.981,43","1.942,60","24,58M","-0,70%"
01.02.2021,"1.967,72","1.960,96","1.975,94","1.945,82","23,10M","1,01%"
29.01.2021,"1.948,01","1.965,76","1.985,52","1.938,85","37,30M","-2,00%"
28.01.2021,"1.987,83","1.913,71","1.992,75","1.885,24","37,51M","3,04%"
27.01.2021,"1.929,21","1.981,07","1.998,12","1.916,09","40,98M","-2,66%"
26.01.2021,"1.981,98","1.936,78","1.988,24","1.932,69","28,11M","1,86%"
25.01.2021,"1.945,78","1.961,37","1.966,76","1.927,45","22,89M","-0,35%"
22.01.2021,"1.952,67","1.945,01","1.965,14","1.934,61","21,14M","-0,04%"
21.01.2021,"1.953,49","1.997,58","2.007,64","1.948,97","25,60M","-1,64%"
20.01.2021,"1.986,09","1.983,49","1.998,43","1.960,82","26,55M","0,30%"
19.01.2021,"1.980,12","2.034,26","2.047,11","1.980,12","32,70M","-2,16%"
18.01.2021,"2.023,74","1.985,59","2.023,74","1.970,06","32,64M","1,92%"
15.01.2021,"1.985,68","2.026,35","2.031,08","1.969,41","31,25M","-2,27%"
14.01.2021,"2.031,71","2.023,83","2.037,57","2.019,66","25,10M","0,41%"
13.01.2021,"2.023,36","2.050,24","2.058,87","2.009,42","38,72M","-1,00%"
12.01.2021,"2.043,73","2.073,81","2.086,11","2.026,96","25,29M","-1,12%"
11.01.2021,"2.066,97","2.067,33","2.100,33","2.043,05","30,64M","-0,28%"
08.01.2021,"2.072,74","2.080,50","2.095,67","2.060,20","42,48M","-0,07%"
07.01.2021,"2.074,11","2.040,48","2.074,11","2.028,43","38,31M","3,23%"
05.01.2021,"2.009,12","2.004,64","2.031,72","1.994,13","29,86M","0,02%"
04.01.2021,"2.008,75","1.994,28","2.020,04","1.991,46","29,39M","1,25%"
30.12.2020,"1.983,98","2.019,48","2.019,48","1.982,15","24,18M","-1,59%"
29.12.2020,"2.016,01","2.015,02","2.033,03","2.002,58","19,09M","0,58%"
28.12.2020,"2.004,41","1.969,45","2.005,62","1.969,45","24,15M","2,48%"
23.12.2020,"1.955,84","1.934,03","1.958,16","1.927,07","18,89M","1,42%"
22.12.2020,"1.928,40","1.896,48","1.931,66","1.896,29","19,82M","2,10%"
21.12.2020,"1.888,80","1.929,14","1.935,22","1.851,23","39,62M","-3,26%"
18.12.2020,"1.952,54","1.981,62","1.983,94","1.947,14","61,28M","-1,18%"
17.12.2020,"1.975,76","1.997,91","2.014,44","1.949,99","43,58M","-0,48%"
16.12.2020,"1.985,26","1.963,84","1.996,40","1.963,84","34,10M","1,51%"
15.12.2020,"1.955,69","1.938,79","1.963,56","1.933,23","27,79M","0,86%"
14.12.2020,"1.939,07","1.956,48","1.961,77","1.916,03","34,17M","-0,60%"
11.12.2020,"1.950,85","1.985,51","1.992,09","1.927,53","38,52M","-1,67%"
10.12.2020,"1.984,00","1.995,63","2.008,96","1.975,26","40,47M","-0,51%"
09.12.2020,"1.994,12","1.976,65","2.023,91","1.976,65","57,96M","1,21%"
08.12.2020,"1.970,27","1.941,14","1.970,27","1.933,68","33,49M","0,60%"
07.12.2020,"1.958,53","1.949,61","1.965,92","1.926,87","32,12M","0,56%"
04.12.2020,"1.947,68","1.894,40","1.952,28","1.894,35","28,41M","3,05%"
03.12.2020,"1.890,11","1.900,94","1.903,32","1.880,22","29,80M","-0,41%"
02.12.2020,"1.897,97","1.855,33","1.899,37","1.845,44","27,34M","2,41%"
01.12.2020,"1.853,38","1.844,33","1.871,17","1.844,33","26,82M","1,28%"
30.11.2020,"1.830,04","1.845,96","1.851,37","1.817,83","70,55M","-1,22%"
27.11.2020,"1.852,69","1.846,73","1.853,78","1.834,69","20,43M","0,17%"
26.11.2020,"1.849,57","1.865,67","1.873,96","1.844,11","17,69M","-0,57%"
25.11.2020,"1.860,15","1.866,15","1.866,15","1.840,63","28,02M","0,04%"
24.11.2020,"1.859,42","1.841,11","1.861,39","1.831,12","26,74M","1,49%"
23.11.2020,"1.832,04","1.835,53","1.860,73","1.823,32","26,24M","0,61%"
20.11.2020,"1.820,85","1.788,48","1.821,30","1.780,11","24,02M","1,74%"
19.11.2020,"1.789,79","1.803,49","1.806,98","1.782,02","25,26M","-1,14%"
18.11.2020,"1.810,43","1.792,17","1.812,80","1.787,08","31,03M","0,94%"
17.11.2020,"1.793,56","1.797,57","1.801,73","1.775,91","38,78M","-0,30%"
16.11.2020,"1.799,02","1.764,10","1.799,36","1.764,10","46,54M","2,84%"
13.11.2020,"1.749,41","1.768,19","1.768,51","1.743,81","25,82M","-1,25%"
12.11.2020,"1.771,49","1.777,24","1.791,08","1.761,91","52,04M","-0,44%"
10.11.2020,"1.779,34","1.768,90","1.794,79","1.741,62","55,22M","0,77%"
09.11.2020,"1.765,71","1.707,52","1.788,27","1.697,78","59,97M","4,02%"
06.11.2020,"1.697,49","1.665,72","1.702,98","1.654,60","29,42M","1,62%"
05.11.2020,"1.670,43","1.654,61","1.678,40","1.649,07","29,24M","1,80%"
04.11.2020,"1.640,94","1.622,29","1.641,78","1.590,72","32,89M","0,28%"
03.11.2020,"1.636,28","1.564,86","1.636,90","1.564,75","42,71M","5,15%"
02.11.2020,"1.556,14","1.526,20","1.563,93","1.526,20","35,37M","2,65%"
30.10.2020,"1.515,97","1.528,78","1.535,27","1.496,76","40,06M","-1,74%"
29.10.2020,"1.542,76","1.557,47","1.567,72","1.529,15","36,97M","-0,45%"
28.10.2020,"1.549,74","1.605,43","1.610,05","1.534,87","39,35M","-4,66%"
27.10.2020,"1.625,54","1.635,42","1.653,11","1.612,59","29,28M","-0,38%"
26.10.2020,"1.631,66","1.635,49","1.645,46","1.627,61","21,45M","-0,83%"
23.10.2020,"1.645,32","1.643,34","1.661,16","1.638,76","61,47M","0,16%"
22.10.2020,"1.642,70","1.634,69","1.664,37","1.627,13","27,41M","0,08%"
21.10.2020,"1.641,42","1.656,97","1.663,23","1.634,28","21,08M","-0,90%"
20.10.2020,"1.656,34","1.647,95","1.667,16","1.638,20","23,65M","0,50%"
19.10.2020,"1.648,11","1.663,75","1.681,74","1.640,82","22,94M","-0,44%"
16.10.2020,"1.655,36","1.635,02","1.665,80","1.635,02","37,75M","1,71%"
15.10.2020,"1.627,59","1.660,64","1.660,64","1.625,10","37,93M","-2,55%"
14.10.2020,"1.670,26","1.658,04","1.691,64","1.657,90","50,00M","0,61%"
13.10.2020,"1.660,12","1.685,25","1.685,25","1.659,10","26,02M","-1,37%"
12.10.2020,"1.683,21","1.701,76","1.707,30","1.681,87","25,09M","-0,92%"
09.10.2020,"1.698,91","1.718,45","1.718,45","1.679,01","27,42M","-1,22%"
08.10.2020,"1.719,91","1.742,29","1.746,68","1.711,56","22,05M","-0,96%"
07.10.2020,"1.736,61","1.736,62","1.741,18","1.715,75","23,83M","0,07%"
06.10.2020,"1.735,45","1.739,86","1.749,28","1.733,17","26,46M","0,21%"
05.10.2020,"1.731,85","1.710,14","1.739,17","1.710,14","20,26M","2,03%"
02.10.2020,"1.697,39","1.690,04","1.704,58","1.675,20","18,30M","0,19%"
01.10.2020,"1.694,18","1.719,55","1.723,85","1.687,54","22,31M","-1,08%"
30.09.2020,"1.712,73","1.713,01","1.719,15","1.700,49","25,68M","-0,32%"
29.09.2020,"1.718,21","1.737,48","1.737,48","1.718,21","21,35M","-1,16%"
28.09.2020,"1.738,44","1.686,57","1.738,44","1.686,57","37,98M","3,84%"
25.09.2020,"1.674,14","1.666,65","1.678,51","1.658,33","44,11M","0,49%"
24.09.2020,"1.665,96","1.677,73","1.679,59","1.657,57","24,21M","-1,15%"
23.09.2020,"1.685,40","1.701,26","1.712,27","1.684,92","26,00M","-0,45%"
22.09.2020,"1.693,09","1.689,60","1.704,40","1.682,55","31,72M","0,64%"
21.09.2020,"1.682,26","1.724,89","1.753,50","1.682,26","51,95M","-2,86%"
18.09.2020,"1.731,76","1.745,91","1.751,25","1.729,30","48,98M","-0,80%"
17.09.2020,"1.745,73","1.736,81","1.745,87","1.714,95","31,09M","0,44%"
16.09.2020,"1.738,10","1.746,94","1.750,73","1.731,28","27,37M","-0,33%"
15.09.2020,"1.743,93","1.760,55","1.764,38","1.737,55","32,47M","-0,84%"
14.09.2020,"1.758,65","1.783,55","1.787,90","1.757,93","20,62M","-0,80%"
11.09.2020,"1.772,89","1.767,42","1.777,91","1.764,66","15,96M","0,45%"
10.09.2020,"1.764,86","1.776,48","1.783,39","1.751,06","17,67M","-0,48%"
09.09.2020,"1.773,37","1.735,58","1.775,98","1.735,58","22,51M","2,28%"
08.09.2020,"1.733,88","1.778,86","1.781,04","1.720,07","33,90M","-2,20%"
07.09.2020,"1.772,85","1.765,37","1.780,44","1.761,96","16,04M","0,84%"
04.09.2020,"1.758,11","1.754,65","1.773,65","1.743,89","19,74M","-0,63%"
03.09.2020,"1.769,19","1.787,62","1.805,22","1.764,04","26,37M","-0,91%"
02.09.2020,"1.785,44","1.777,15","1.796,80","1.777,15","32,16M","0,72%"
01.09.2020,"1.772,61","1.803,77","1.807,77","1.768,12","30,29M","-1,53%"
31.08.2020,"1.800,21","1.832,66","1.839,06","1.793,96","33,68M","-1,62%"
28.08.2020,"1.829,79","1.842,36","1.850,46","1.826,96","13,67M","-0,90%"
27.08.2020,"1.846,50","1.846,42","1.854,84","1.833,90","13,56M","-0,10%"
26.08.2020,"1.848,35","1.817,91","1.848,77","1.815,16","14,17M","1,49%"
25.08.2020,"1.821,29","1.847,98","1.858,14","1.820,34","14,76M","-1,10%"
24.08.2020,"1.841,46","1.830,14","1.843,75","1.827,39","13,22M","1,15%"
21.08.2020,"1.820,60","1.824,52","1.831,28","1.813,79","13,13M","0,31%"
20.08.2020,"1.815,03","1.829,52","1.829,52","1.811,88","12,59M","-0,99%"
19.08.2020,"1.833,22","1.838,62","1.847,84","1.831,01","14,30M","-0,39%"
18.08.2020,"1.840,33","1.859,11","1.859,11","1.837,20","19,94M","-1,17%"
17.08.2020,"1.862,12","1.856,46","1.865,94","1.844,30","12,79M","0,30%"
14.08.2020,"1.856,56","1.857,47","1.857,47","1.840,77","10,71M","-0,10%"
13.08.2020,"1.858,35","1.856,65","1.881,46","1.854,78","14,61M","0,13%"
12.08.2020,"1.855,86","1.848,54","1.856,84","1.839,14","17,23M","0,44%"
11.08.2020,"1.847,73","1.830,21","1.857,95","1.822,13","23,94M","1,35%"
10.08.2020,"1.823,15","1.822,48","1.832,65","1.812,95","16,62M","0,33%"
07.08.2020,"1.817,23","1.818,62","1.824,29","1.809,07","21,92M","-0,08%"
06.08.2020,"1.818,64","1.834,67","1.841,68","1.810,63","19,95M","-0,79%"
05.08.2020,"1.833,20","1.819,96","1.844,20","1.819,96","24,20M","1,20%"
04.08.2020,"1.811,46","1.813,70","1.831,17","1.804,30","20,23M","0,39%"
03.08.2020,"1.804,38","1.769,31","1.815,50","1.768,56","20,03M","2,08%"
31.07.2020,"1.767,54","1.767,31","1.793,13","1.765,42","36,03M","0,25%"
30.07.2020,"1.763,22","1.827,17","1.827,17","1.762,74","38,55M","-3,36%"
29.07.2020,"1.824,53","1.819,40","1.828,24","1.804,21","26,31M","0,06%"
28.07.2020,"1.823,52","1.831,03","1.841,46","1.806,06","33,30M","-0,40%"
27.07.2020,"1.830,87","1.811,40","1.833,80","1.805,84","29,47M","1,13%"
24.07.2020,"1.810,33","1.809,50","1.810,65","1.790,53","20,02M","-0,54%"
23.07.2020,"1.820,25","1.837,64","1.842,84","1.817,78","22,44M","-0,57%"
22.07.2020,"1.830,61","1.844,74","1.847,00","1.830,61","28,04M","-0,80%"
21.07.2020,"1.845,34","1.852,56","1.884,22","1.840,87","63,35M","0,26%"
20.07.2020,"1.840,60","1.795,09","1.840,60","1.789,04","43,20M","2,48%"
17.07.2020,"1.796,04","1.800,70","1.800,70","1.785,44","28,25M","-0,17%"
16.07.2020,"1.799,08","1.791,04","1.799,18","1.780,17","24,07M","0,24%"
15.07.2020,"1.794,78","1.783,18","1.798,58","1.779,98","31,62M","1,30%"
14.07.2020,"1.771,70","1.797,85","1.798,40","1.763,64","37,54M","-1,66%"
13.07.2020,"1.801,64","1.806,55","1.814,47","1.799,91","22,25M","0,24%"
10.07.2020,"1.797,27","1.781,84","1.797,27","1.772,50","19,02M","0,31%"
09.07.2020,"1.791,68","1.791,68","1.802,31","1.789,08","23,15M","0,19%"
08.07.2020,"1.788,22","1.797,88","1.797,88","1.780,87","18,72M","-0,71%"
07.07.2020,"1.800,93","1.816,46","1.816,46","1.794,61","21,87M","-0,97%"
06.07.2020,"1.818,55","1.820,81","1.833,77","1.808,34","21,28M","0,98%"
03.07.2020,"1.800,96","1.811,07","1.812,22","1.796,23","15,91M","-0,17%"
02.07.2020,"1.804,01","1.778,45","1.809,74","1.778,45","36,33M","1,78%"
01.07.2020,"1.772,38","1.760,72","1.774,79","1.739,93","30,48M","0,77%"
30.06.2020,"1.758,82","1.770,24","1.777,07","1.754,41","33,78M","-0,60%"
29.06.2020,"1.769,47","1.758,46","1.771,21","1.750,91","32,08M","0,57%"
26.06.2020,"1.759,43","1.799,33","1.800,49","1.759,37","27,87M","-1,89%"
25.06.2020,"1.793,36","1.781,84","1.798,80","1.759,21","33,80M","0,51%"
24.06.2020,"1.784,23","1.830,39","1.836,89","1.784,23","38,48M","-2,29%"
23.06.2020,"1.825,99","1.807,10","1.847,33","1.806,21","44,38M","1,61%"
22.06.2020,"1.797,05","1.805,25","1.807,19","1.786,99","43,85M","-0,60%"
19.06.2020,"1.807,85","1.791,68","1.809,23","1.791,68","91,77M","0,67%"
18.06.2020,"1.795,86","1.787,90","1.804,13","1.780,45","75,87M","0,45%"
17.06.2020,"1.787,81","1.807,91","1.812,65","1.780,94","50,20M","-0,57%"
16.06.2020,"1.798,00","1.765,17","1.811,70","1.765,17","66,68M","3,25%"
15.06.2020,"1.741,47","1.767,35","1.767,35","1.735,27","89,29M","-2,65%"
12.06.2020,"1.788,83","1.792,35","1.812,33","1.754,16","89,47M","-2,84%"
10.06.2020,"1.841,18","1.840,10","1.846,29","1.817,06","99,91M","0,30%"
09.06.2020,"1.835,59","1.848,11","1.856,66","1.811,96","63,66M","-0,31%"
08.06.2020,"1.841,25","1.842,22","1.852,69","1.813,02","47,83M","-0,07%"
05.06.2020,"1.842,47","1.794,38","1.847,95","1.794,38","59,25M","3,13%"
04.06.2020,"1.786,58","1.765,60","1.786,58","1.755,73","48,70M","1,12%"
03.06.2020,"1.766,85","1.741,91","1.780,86","1.741,36","61,76M","1,76%"
02.06.2020,"1.736,36","1.735,86","1.739,48","1.722,50","48,47M","0,16%"
01.06.2020,"1.733,52","1.733,13","1.749,58","1.722,77","36,71M","0,63%"
29.05.2020,"1.722,65","1.718,19","1.722,65","1.699,32","76,82M","0,24%"
28.05.2020,"1.718,45","1.722,43","1.757,78","1.694,60","59,31M","0,64%"
27.05.2020,"1.707,59","1.713,73","1.763,02","1.705,09","59,90M","-0,12%"
26.05.2020,"1.709,71","1.657,26","1.712,64","1.657,26","58,20M","3,95%"
25.05.2020,"1.644,74","1.639,26","1.650,39","1.634,34","12,11M","0,88%"
22.05.2020,"1.630,44","1.632,27","1.635,98","1.617,76","19,97M","-0,45%"
21.05.2020,"1.637,84","1.651,03","1.653,92","1.636,24","22,16M","-0,90%"
20.05.2020,"1.652,64","1.640,26","1.662,20","1.634,44","24,02M","0,76%"
19.05.2020,"1.640,18","1.651,08","1.658,34","1.629,29","24,49M","0,07%"
18.05.2020,"1.639,08","1.585,92","1.639,08","1.585,92","29,45M","4,23%"
15.05.2020,"1.572,55","1.585,51","1.597,04","1.568,38","18,37M","-0,42%"
14.05.2020,"1.579,16","1.605,68","1.605,68","1.559,52","26,39M","-2,18%"
13.05.2020,"1.614,32","1.615,90","1.634,77","1.607,00","24,39M","-0,50%"
12.05.2020,"1.622,51","1.589,69","1.624,52","1.584,01","29,57M","2,22%"
11.05.2020,"1.587,31","1.614,21","1.619,36","1.581,50","17,94M","-1,19%"
08.05.2020,"1.606,50","1.600,54","1.614,18","1.599,51","15,38M","1,21%"
07.05.2020,"1.587,35","1.572,16","1.602,76","1.559,06","21,76M","1,24%"
06.05.2020,"1.567,98","1.604,60","1.606,44","1.565,07","34,61M","-1,93%"
05.05.2020,"1.598,84","1.609,04","1.616,34","1.591,58","22,42M","-0,11%"
04.05.2020,"1.600,65","1.630,24","1.630,24","1.597,70","23,79M","-2,91%"
30.04.2020,"1.648,68","1.661,23","1.682,13","1.636,35","46,69M","-0,16%"
29.04.2020,"1.651,33","1.601,65","1.656,40","1.600,78","35,81M","3,58%"
28.04.2020,"1.594,25","1.590,34","1.622,80","1.579,94","37,31M","0,14%"
27.04.2020,"1.591,97","1.614,29","1.624,69","1.580,48","34,03M","-0,62%"
24.04.2020,"1.601,91","1.617,91","1.627,49","1.601,91","26,30M","-1,49%"
23.04.2020,"1.626,10","1.609,41","1.626,82","1.589,64","30,89M","1,31%"
22.04.2020,"1.605,12","1.574,07","1.609,82","1.554,34","32,63M","2,01%"
21.04.2020,"1.573,44","1.631,40","1.631,40","1.572,05","33,52M","-4,06%"
20.04.2020,"1.640,06","1.629,69","1.643,87","1.604,98","28,32M","0,89%"
17.04.2020,"1.625,59","1.618,42","1.633,53","1.612,01","41,66M","1,73%"
16.04.2020,"1.597,90","1.610,81","1.617,55","1.589,83","43,49M","-0,52%"
15.04.2020,"1.606,21","1.669,23","1.673,58","1.602,31","50,59M","-3,38%"
14.04.2020,"1.662,40","1.631,50","1.664,53","1.625,89","46,44M","2,89%"
09.04.2020,"1.615,72","1.596,79","1.619,77","1.579,72","50,39M","2,31%"
08.04.2020,"1.579,18","1.602,33","1.619,63","1.567,84","55,93M","-1,52%"
07.04.2020,"1.603,50","1.602,14","1.655,29","1.602,14","64,70M","1,42%"
06.04.2020,"1.581,05","1.534,81","1.585,04","1.534,81","45,61M","4,95%"
03.04.2020,"1.506,48","1.492,10","1.509,07","1.474,44","49,71M","1,00%"
02.04.2020,"1.491,55","1.490,41","1.501,33","1.464,86","48,12M","0,62%"
01.04.2020,"1.482,42","1.495,43","1.500,43","1.473,64","36,50M","-2,01%"
31.03.2020,"1.512,84","1.486,89","1.523,49","1.484,33","59,77M","2,38%"
30.03.2020,"1.477,65","1.482,10","1.484,62","1.443,16","28,43M","0,12%"
27.03.2020,"1.475,90","1.494,31","1.499,62","1.465,48","33,22M","-1,08%"
26.03.2020,"1.492,01","1.431,53","1.492,87","1.410,91","36,79M","3,48%"
25.03.2020,"1.441,83","1.487,75","1.505,79","1.413,22","47,38M","-0,63%"
24.03.2020,"1.451,02","1.449,34","1.473,02","1.424,14","37,40M","3,24%"
23.03.2020,"1.405,45","1.461,22","1.463,93","1.400,71","43,98M","-5,57%"
20.03.2020,"1.488,42","1.502,14","1.547,74","1.476,65","109,52M","1,29%"
19.03.2020,"1.469,43","1.406,71","1.469,43","1.386,83","51,61M","4,86%"
18.03.2020,"1.401,29","1.425,27","1.465,58","1.376,75","78,27M","-1,96%"
17.03.2020,"1.429,28","1.370,79","1.446,74","1.355,07","81,57M","6,54%"
16.03.2020,"1.341,54","1.342,40","1.356,01","1.248,77","64,57M","-1,79%"
13.03.2020,"1.365,97","1.334,37","1.442,72","1.315,96","74,14M","4,61%"
12.03.2020,"1.305,73","1.450,71","1.450,71","1.305,73","57,19M","-13,28%"
11.03.2020,"1.505,64","1.607,30","1.616,03","1.495,87","44,94M","-5,87%"
10.03.2020,"1.599,48","1.643,34","1.657,09","1.594,07","39,33M","-1,63%"
09.03.2020,"1.625,99","1.685,28","1.697,38","1.609,08","40,49M","-7,87%"
06.03.2020,"1.764,81","1.808,36","1.808,36","1.749,70","34,44M","-3,18%"
05.03.2020,"1.822,85","1.879,11","1.893,88","1.822,76","25,50M","-2,05%"
04.03.2020,"1.860,95","1.882,71","1.894,23","1.857,90","28,14M","-1,52%"
03.03.2020,"1.889,67","1.827,36","1.906,87","1.827,36","39,06M","4,53%"
02.03.2020,"1.807,70","1.807,25","1.840,57","1.765,43","40,21M","2,19%"
28.02.2020,"1.768,91","1.817,79","1.817,79","1.735,37","70,09M","-4,41%"
27.02.2020,"1.850,61","1.926,15","1.927,44","1.833,92","33,43M","-4,29%"
26.02.2020,"1.933,51","1.942,66","1.957,64","1.906,06","33,55M","-0,63%"
25.02.2020,"1.945,71","2.000,65","2.007,34","1.945,71","32,36M","-2,76%"
24.02.2020,"2.000,90","2.070,66","2.070,66","1.997,84","25,03M","-4,20%"
21.02.2020,"2.088,53","2.095,80","2.106,18","2.084,55","16,53M","-0,54%"
20.02.2020,"2.099,88","2.115,39","2.116,08","2.098,12","20,48M","-0,72%"
19.02.2020,"2.115,18","2.116,32","2.122,67","2.097,07","21,47M","0,08%"
18.02.2020,"2.113,49","2.112,15","2.118,48","2.103,76","13,88M","-0,36%"
17.02.2020,"2.121,14","2.125,14","2.131,60","2.117,45","14,22M","0,28%"
14.02.2020,"2.115,29","2.126,64","2.131,28","2.111,22","20,89M","-0,23%"
13.02.2020,"2.120,07","2.125,22","2.125,22","2.096,14","19,11M","-0,29%"
12.02.2020,"2.126,31","2.120,01","2.132,78","2.115,92","21,38M","0,90%"
11.02.2020,"2.107,40","2.099,20","2.114,89","2.094,39","21,36M","0,69%"
10.02.2020,"2.092,89","2.108,67","2.112,78","2.087,72","16,13M","-0,82%"
07.02.2020,"2.110,20","2.107,43","2.110,20","2.092,36","18,96M","-0,07%"
06.02.2020,"2.111,76","2.128,24","2.138,87","2.105,59","23,41M","-0,53%"
05.02.2020,"2.122,91","2.106,64","2.133,91","2.102,45","21,93M","0,77%"
04.02.2020,"2.106,63","2.082,19","2.115,25","2.081,81","32,25M","1,63%"
03.02.2020,"2.072,88","2.062,33","2.077,58","2.050,91","25,39M","0,34%"
31.01.2020,"2.065,90","2.085,41","2.087,93","2.052,68","38,29M","-0,68%"
30.01.2020,"2.079,98","2.078,74","2.093,68","2.064,09","23,19M","-0,87%"
29.01.2020,"2.098,18","2.099,30","2.114,31","2.090,41","25,64M","0,01%"
28.01.2020,"2.098,04","2.089,16","2.105,76","2.083,54","17,44M","0,68%"
27.01.2020,"2.083,79","2.141,68","2.141,68","2.083,69","20,98M","-3,27%"
24.01.2020,"2.154,28","2.150,57","2.166,31","2.150,57","17,63M","0,27%"
23.01.2020,"2.148,41","2.144,56","2.159,55","2.141,62","22,56M","0,09%"
22.01.2020,"2.146,56","2.168,44","2.172,76","2.144,68","27,44M","-0,53%"
21.01.2020,"2.158,04","2.174,93","2.174,93","2.152,62","18,93M","-0,92%"
20.01.2020,"2.178,06","2.178,31","2.183,84","2.173,92","15,63M","0,10%"
17.01.2020,"2.175,95","2.172,14","2.181,62","2.147,94","19,78M","0,10%"
16.01.2020,"2.173,74","2.170,39","2.179,43","2.163,83","20,76M","0,40%"
15.01.2020,"2.165,08","2.180,55","2.183,85","2.158,36","22,75M","-0,82%"
14.01.2020,"2.182,96","2.194,88","2.194,88","2.174,44","29,39M","-0,52%"
13.01.2020,"2.194,42","2.170,86","2.194,42","2.167,33","22,07M","1,22%"
10.01.2020,"2.167,91","2.161,60","2.167,91","2.150,83","16,50M","0,48%"
09.01.2020,"2.157,61","2.132,02","2.157,61","2.132,02","19,89M","1,97%"
08.01.2020,"2.115,99","2.140,29","2.140,29","2.114,24","20,74M","-1,35%"
07.01.2020,"2.145,01","2.171,72","2.176,80","2.143,11","19,56M","-1,33%"
03.01.2020,"2.173,97","2.192,31","2.192,31","2.159,03","20,63M","-1,19%"
02.01.2020,"2.200,10","2.161,55","2.200,57","2.161,42","21,37M","2,33%"
30.12.2019,"2.150,09","2.151,48","2.160,23","2.147,58","11,04M","-0,08%"
27.12.2019,"2.151,74","2.145,77","2.167,47","2.145,77","12,08M","0,43%"
23.12.2019,"2.142,54","2.128,71","2.142,91","2.124,87","15,09M","0,68%"
20.12.2019,"2.128,04","2.131,61","2.138,37","2.123,99","57,32M","-0,27%"
19.12.2019,"2.133,72","2.132,53","2.134,36","2.123,81","21,90M","0,09%"
18.12.2019,"2.131,85","2.137,70","2.137,70","2.112,21","30,29M","-0,02%"
17.12.2019,"2.132,25","2.115,87","2.139,47","2.114,19","32,73M","0,91%"
16.12.2019,"2.112,93","2.107,39","2.120,23","2.104,16","22,02M","0,30%"
13.12.2019,"2.106,51","2.112,27","2.123,34","2.103,58","27,12M","0,21%"
12.12.2019,"2.102,19","2.056,35","2.102,19","2.055,54","28,65M","2,68%"
11.12.2019,"2.047,34","2.056,17","2.064,50","2.034,48","23,87M","-0,33%"
10.12.2019,"2.054,11","2.066,43","2.070,22","2.040,78","18,79M","-0,60%"
09.12.2019,"2.066,55","2.073,42","2.073,42","2.051,04","17,67M","-0,32%"
06.12.2019,"2.073,11","2.087,82","2.088,62","2.055,68","42,64M","-0,91%"
05.12.2019,"2.092,12","2.088,00","2.103,69","2.078,98","22,12M","0,49%"
04.12.2019,"2.081,89","2.093,25","2.113,13","2.078,10","24,26M","-0,38%"
03.12.2019,"2.089,92","2.122,97","2.123,47","2.088,77","21,51M","-1,53%"
02.12.2019,"2.122,30","2.163,48","2.168,85","2.121,16","25,65M","-1,70%"
29.11.2019,"2.158,94","2.164,72","2.170,47","2.154,94","14,55M","-0,47%"
28.11.2019,"2.169,09","2.178,33","2.178,33","2.159,90","12,15M","-0,56%"
27.11.2019,"2.181,33","2.192,17","2.196,50","2.175,07","17,17M","-0,42%"
26.11.2019,"2.190,58","2.199,69","2.199,69","2.177,73","60,98M","-0,32%"
25.11.2019,"2.197,54","2.191,79","2.204,09","2.191,79","16,69M","0,43%"
22.11.2019,"2.188,24","2.179,44","2.198,56","2.176,33","18,02M","0,40%"
21.11.2019,"2.179,53","2.192,19","2.192,19","2.164,04","20,45M","-0,69%"
20.11.2019,"2.194,58","2.204,41","2.204,41","2.175,68","20,56M","-0,57%"
19.11.2019,"2.207,25","2.230,15","2.232,47","2.201,64","21,48M","-1,02%"
18.11.2019,"2.229,92","2.239,37","2.244,64","2.220,25","18,06M","-0,18%"
15.11.2019,"2.233,87","2.225,99","2.238,11","2.225,77","13,70M","0,35%"
14.11.2019,"2.226,15","2.235,67","2.245,84","2.223,56","22,56M","-0,42%"
13.11.2019,"2.235,52","2.250,07","2.250,31","2.228,03","33,58M","-0,59%"
12.11.2019,"2.248,81","2.259,75","2.266,23","2.245,40","26,64M","-0,29%"
08.11.2019,"2.255,46","2.269,51","2.269,51","2.252,85","31,73M","-0,74%"
07.11.2019,"2.272,17","2.260,78","2.277,18","2.260,78","26,65M","0,75%"
06.11.2019,"2.255,34","2.267,95","2.269,98","2.255,34","17,54M","-0,75%"
05.11.2019,"2.272,45","2.263,60","2.279,64","2.257,69","23,39M","0,37%"
04.11.2019,"2.264,06","2.208,61","2.264,06","2.208,61","30,02M","3,19%"
31.10.2019,"2.194,10","2.235,68","2.236,95","2.188,99","26,16M","-1,49%"
30.10.2019,"2.227,38","2.227,02","2.230,72","2.219,18","17,68M","-0,02%"
29.10.2019,"2.227,93","2.210,54","2.228,28","2.203,17","26,63M","0,73%"
28.10.2019,"2.211,80","2.175,30","2.215,02","2.175,30","17,16M","1,68%"
25.10.2019,"2.175,27","2.206,68","2.206,68","2.172,44","19,87M","-1,50%"
24.10.2019,"2.208,36","2.206,18","2.216,33","2.195,82","19,41M","-0,01%"
23.10.2019,"2.208,54","2.206,89","2.209,58","2.198,75","13,81M","-0,16%"
22.10.2019,"2.212,15","2.184,00","2.212,19","2.177,25","19,25M","1,32%"
21.10.2019,"2.183,25","2.164,82","2.184,64","2.160,39","16,19M","0,85%"
18.10.2019,"2.164,75","2.167,19","2.168,49","2.149,61","18,87M","-0,41%"
17.10.2019,"2.173,75","2.160,43","2.181,94","2.154,17","17,71M","0,82%"
16.10.2019,"2.156,06","2.153,26","2.167,10","2.151,57","22,41M","0,06%"
15.10.2019,"2.154,80","2.156,95","2.161,73","2.146,79","21,48M","0,29%"
14.10.2019,"2.148,53","2.162,23","2.163,42","2.143,33","15,54M","-0,53%"
11.10.2019,"2.159,91","2.126,11","2.160,85","2.125,66","16,43M","1,74%"
10.10.2019,"2.122,99","2.134,52","2.136,96","2.113,87","18,22M","-0,53%"
09.10.2019,"2.134,37","2.136,45","2.142,51","2.126,60","15,84M","0,12%"
08.10.2019,"2.131,83","2.121,85","2.135,75","2.113,93","19,64M","0,47%"
07.10.2019,"2.121,87","2.126,90","2.126,90","2.110,11","13,98M","0,03%"
04.10.2019,"2.121,16","2.101,64","2.124,78","2.101,64","17,50M","1,04%"
03.10.2019,"2.099,30","2.091,15","2.129,53","2.076,45","24,70M","0,05%"
02.10.2019,"2.098,28","2.148,62","2.148,62","2.098,28","18,84M","-2,52%"
01.10.2019,"2.152,50","2.175,98","2.175,98","2.148,55","18,58M","-0,96%"
30.09.2019,"2.173,29","2.188,31","2.188,77","2.162,20","16,43M","-0,60%"
27.09.2019,"2.186,31","2.175,46","2.190,53","2.170,54","12,47M","0,64%"
26.09.2019,"2.172,47","2.161,97","2.177,07","2.159,78","19,18M","0,59%"
25.09.2019,"2.159,68","2.170,22","2.170,22","2.144,63","20,19M","-0,72%"
24.09.2019,"2.175,24","2.153,62","2.183,13","2.150,85","17,41M","1,30%"
23.09.2019,"2.147,32","2.167,32","2.171,39","2.139,34","22,07M","-1,12%"
20.09.2019,"2.171,75","2.190,00","2.198,29","2.164,13","47,92M","-0,91%"
19.09.2019,"2.191,61","2.200,07","2.200,07","2.184,93","17,06M","-0,61%"
18.09.2019,"2.205,02","2.192,83","2.206,80","2.186,03","25,06M","0,56%"
17.09.2019,"2.192,71","2.212,71","2.214,48","2.184,90","27,70M","-1,13%"
16.09.2019,"2.217,84","2.198,63","2.217,84","2.188,30","25,33M","0,77%"
13.09.2019,"2.200,95","2.188,73","2.210,70","2.187,43","16,09M","0,54%"
12.09.2019,"2.189,07","2.191,97","2.205,99","2.174,51","21,93M","-0,01%"
11.09.2019,"2.189,21","2.186,08","2.202,44","2.179,00","23,65M","0,06%"
10.09.2019,"2.187,80","2.173,79","2.189,02","2.168,72","27,35M","0,62%"
09.09.2019,"2.174,41","2.124,96","2.174,41","2.124,96","24,03M","2,44%"
06.09.2019,"2.122,60","2.111,05","2.129,97","2.108,64","17,30M","0,75%"
05.09.2019,"2.106,89","2.111,47","2.122,76","2.088,88","24,07M","0,20%"
04.09.2019,"2.102,73","2.122,06","2.136,41","2.102,36","29,90M","-0,21%"
03.09.2019,"2.107,16","2.140,74","2.140,74","2.097,66","18,87M","-1,74%"
02.09.2019,"2.144,48","2.138,35","2.147,13","2.131,32","10,92M","0,43%"
30.08.2019,"2.135,25","2.072,65","2.136,79","2.069,86","26,05M","3,19%"
29.08.2019,"2.069,33","2.050,87","2.075,40","2.047,94","18,07M","0,87%"
28.08.2019,"2.051,44","2.098,88","2.107,28","2.044,86","21,93M","-2,10%"
27.08.2019,"2.095,45","2.101,19","2.107,00","2.076,51","47,79M","-0,14%"
26.08.2019,"2.098,41","2.092,33","2.109,42","2.077,82","14,03M","-0,25%"
23.08.2019,"2.103,68","2.115,16","2.128,10","2.081,07","16,63M","-0,21%"
22.08.2019,"2.108,05","2.108,88","2.126,87","2.097,00","22,40M","0,10%"
21.08.2019,"2.105,88","2.108,37","2.129,57","2.103,87","16,86M","-0,20%"
20.08.2019,"2.110,11","2.104,97","2.116,59","2.087,21","23,04M","0,37%"
19.08.2019,"2.102,23","2.078,80","2.110,19","2.078,80","19,01M","1,85%"
16.08.2019,"2.064,12","2.085,34","2.096,94","2.055,70","27,57M","-0,69%"
14.08.2019,"2.078,39","2.134,28","2.134,48","2.078,39","25,52M","-2,89%"
13.08.2019,"2.140,19","2.095,17","2.153,16","2.085,61","26,86M","1,44%"
12.08.2019,"2.109,73","2.134,55","2.140,84","2.104,12","16,35M","-0,84%"
09.08.2019,"2.127,61","2.165,34","2.165,83","2.119,89","26,95M","-1,45%"
08.08.2019,"2.158,88","2.153,17","2.169,27","2.152,26","22,72M","0,97%"
07.08.2019,"2.138,23","2.163,21","2.173,56","2.124,85","28,87M","-0,83%"
06.08.2019,"2.156,23","2.169,08","2.182,20","2.155,33","28,12M","-0,37%"
05.08.2019,"2.164,14","2.211,89","2.211,89","2.164,06","25,32M","-2,36%"
02.08.2019,"2.216,51","2.232,92","2.233,03","2.216,51","19,93M","-1,08%"
01.08.2019,"2.240,78","2.273,24","2.280,80","2.236,98","27,03M","-1,61%"
31.07.2019,"2.277,37","2.264,64","2.285,25","2.263,61","29,66M","0,59%"
30.07.2019,"2.263,92","2.273,72","2.282,30","2.263,92","23,16M","-0,96%"
29.07.2019,"2.285,93","2.307,08","2.309,53","2.282,08","15,79M","-0,86%"
26.07.2019,"2.305,79","2.311,51","2.314,19","2.299,39","18,09M","-0,20%"
25.07.2019,"2.310,31","2.341,04","2.344,39","2.308,32","20,97M","-1,07%"
24.07.2019,"2.335,41","2.336,68","2.338,95","2.327,66","22,51M","-0,02%"
23.07.2019,"2.335,86","2.345,76","2.348,43","2.332,50","20,20M","-0,28%"
22.07.2019,"2.342,51","2.345,61","2.350,82","2.335,30","18,65M","-0,06%"
19.07.2019,"2.344,03","2.325,16","2.348,86","2.325,16","28,62M","0,97%"
18.07.2019,"2.321,41","2.300,65","2.324,71","2.291,66","28,50M","0,64%"
17.07.2019,"2.306,67","2.317,45","2.320,49","2.301,63","33,03M","-0,64%"
16.07.2019,"2.321,52","2.326,49","2.330,50","2.317,18","30,05M","-0,12%"
15.07.2019,"2.324,21","2.318,56","2.334,10","2.316,89","20,05M","0,38%"
12.07.2019,"2.315,36","2.323,61","2.325,05","2.314,42","21,94M","-0,07%"
11.07.2019,"2.316,95","2.322,18","2.338,33","2.308,20","23,03M","0,18%"
10.07.2019,"2.312,77","2.312,32","2.340,95","2.305,66","33,90M","0,01%"
09.07.2019,"2.312,63","2.325,90","2.327,02","2.303,20","24,57M","-1,13%"
08.07.2019,"2.339,07","2.337,67","2.349,35","2.326,33","22,64M","-0,13%"
05.07.2019,"2.342,01","2.359,39","2.359,39","2.334,27","22,83M","-0,61%"
04.07.2019,"2.356,49","2.350,47","2.357,89","2.338,90","13,91M","0,47%"
03.07.2019,"2.345,56","2.338,73","2.349,15","2.330,53","19,65M","0,19%"
02.07.2019,"2.341,09","2.334,60","2.341,09","2.310,49","22,88M","0,49%"
01.07.2019,"2.329,74","2.338,98","2.363,21","2.326,49","21,20M","0,09%"
28.06.2019,"2.327,67","2.332,63","2.335,26","2.323,55","19,37M","-0,32%"
27.06.2019,"2.335,13","2.315,73","2.347,62","2.315,73","37,40M","0,78%"
26.06.2019,"2.317,17","2.308,98","2.318,68","2.300,51","37,54M","0,60%"
25.06.2019,"2.303,31","2.328,99","2.328,99","2.296,97","29,02M","-1,19%"
24.06.2019,"2.331,08","2.315,79","2.332,80","2.311,55","19,03M","0,99%"
21.06.2019,"2.308,32","2.324,16","2.343,66","2.302,71","61,72M","-0,49%"
19.06.2019,"2.319,71","2.326,56","2.327,46","2.316,84","22,04M","-0,23%"
18.06.2019,"2.325,16","2.277,52","2.325,16","2.272,26","36,18M","2,13%"
17.06.2019,"2.276,60","2.286,57","2.290,79","2.269,87","20,06M","-0,43%"
14.06.2019,"2.286,46","2.299,03","2.299,09","2.283,94","20,51M","-0,60%"
13.06.2019,"2.300,20","2.282,72","2.310,66","2.277,12","26,11M","0,76%"
12.06.2019,"2.282,80","2.290,75","2.292,41","2.263,68","29,30M","-0,56%"
11.06.2019,"2.295,60","2.283,90","2.300,92","2.275,67","29,04M","0,57%"
10.06.2019,"2.282,51","2.290,40","2.296,33","2.271,09","18,08M","0,08%"
07.06.2019,"2.280,60","2.260,52","2.287,39","2.260,52","23,64M","0,87%"
06.06.2019,"2.260,94","2.224,20","2.272,07","2.222,81","43,22M","1,69%"
05.06.2019,"2.223,27","2.237,23","2.242,22","2.219,94","27,02M","-0,47%"
04.06.2019,"2.233,75","2.237,74","2.242,52","2.222,32","18,73M","-0,18%"
03.06.2019,"2.237,71","2.239,12","2.248,09","2.227,89","15,76M","-0,07%"
31.05.2019,"2.239,31","2.208,43","2.239,31","2.194,96","23,22M","0,80%"
30.05.2019,"2.221,56","2.190,88","2.228,81","2.190,88","30,83M","1,56%"
29.05.2019,"2.187,45","2.179,87","2.187,54","2.162,40","32,75M","-0,25%"
28.05.2019,"2.192,87","2.191,17","2.215,33","2.184,70","44,70M","0,15%"
27.05.2019,"2.189,66","2.191,26","2.199,30","2.177,84","9,08M","0,07%"
24.05.2019,"2.188,20","2.178,44","2.193,70","2.175,03","18,08M","0,70%"
23.05.2019,"2.173,09","2.212,60","2.212,60","2.172,96","23,24M","-1,86%"
22.05.2019,"2.214,36","2.193,78","2.225,30","2.181,14","20,97M","1,07%"
21.05.2019,"2.190,93","2.178,92","2.191,28","2.173,74","22,50M","0,71%"
20.05.2019,"2.175,51","2.186,97","2.189,10","2.159,78","19,88M","-0,40%"
17.05.2019,"2.184,35","2.187,18","2.187,18","2.165,97","19,18M","-0,19%"
16.05.2019,"2.188,43","2.174,10","2.193,89","2.162,46","21,95M","0,89%"
15.05.2019,"2.169,18","2.176,30","2.181,49","2.152,99","29,23M","0,24%"
14.05.2019,"2.163,94","2.184,39","2.192,53","2.162,40","25,23M","-0,42%"
13.05.2019,"2.172,97","2.194,70","2.199,90","2.153,70","19,99M","-0,86%"
10.05.2019,"2.191,91","2.191,75","2.210,31","2.184,33","22,67M","0,57%"
09.05.2019,"2.179,40","2.218,05","2.227,52","2.177,76","21,73M","-1,91%"
08.05.2019,"2.221,82","2.236,63","2.250,19","2.217,31","22,68M","-0,54%"
07.05.2019,"2.233,80","2.292,05","2.293,95","2.233,57","25,06M","-2,46%"
06.05.2019,"2.290,13","2.301,78","2.303,70","2.278,96","16,35M","-1,25%"
02.05.2019,"2.319,08","2.337,12","2.337,12","2.317,50","15,30M","-0,65%"
30.04.2019,"2.334,21","2.357,54","2.360,26","2.323,73","22,86M","-1,43%"
29.04.2019,"2.368,08","2.377,34","2.378,36","2.354,99","14,69M","-0,18%"
26.04.2019,"2.372,25","2.354,41","2.372,25","2.352,05","13,49M","0,57%"
25.04.2019,"2.358,76","2.372,75","2.372,75","2.347,21","16,94M","-0,57%"
24.04.2019,"2.372,33","2.371,11","2.377,73","2.357,21","21,56M","0,07%"
23.04.2019,"2.370,63","2.367,82","2.374,48","2.361,02","10,84M","0,22%"
18.04.2019,"2.365,36","2.375,24","2.375,24","2.352,73","20,18M","-0,54%"
17.04.2019,"2.378,31","2.374,70","2.396,84","2.371,30","35,38M","0,26%"
16.04.2019,"2.372,18","2.361,43","2.372,18","2.357,56","21,52M","0,59%"
15.04.2019,"2.358,19","2.364,12","2.372,85","2.351,38","15,28M","-0,36%"
12.04.2019,"2.366,71","2.381,56","2.385,27","2.364,83","14,63M","-0,35%"
11.04.2019,"2.374,97","2.393,53","2.396,50","2.371,04","16,26M","-0,70%"
10.04.2019,"2.391,80","2.368,97","2.391,80","2.366,48","22,59M","1,01%"
09.04.2019,"2.367,84","2.364,84","2.377,22","2.357,72","19,74M","0,35%"
08.04.2019,"2.359,52","2.356,50","2.362,51","2.349,48","14,39M","0,36%"
05.04.2019,"2.351,08","2.388,47","2.408,44","2.351,08","23,74M","-1,57%"
04.04.2019,"2.388,59","2.404,61","2.413,50","2.386,49","20,82M","-0,79%"
03.04.2019,"2.407,63","2.381,44","2.408,37","2.381,44","20,78M","1,54%"
02.04.2019,"2.371,14","2.342,08","2.382,89","2.342,08","16,65M","1,30%"
01.04.2019,"2.340,74","2.325,38","2.347,72","2.325,38","14,67M","1,24%"
29.03.2019,"2.312,09","2.318,66","2.330,52","2.304,77","26,23M","-0,07%"
28.03.2019,"2.313,77","2.315,21","2.325,26","2.310,92","11,71M","-0,06%"
27.03.2019,"2.315,17","2.326,64","2.331,21","2.312,75","16,89M","-0,42%"
26.03.2019,"2.324,91","2.314,00","2.325,05","2.312,43","12,80M","0,52%"
25.03.2019,"2.312,79","2.314,98","2.320,57","2.304,66","13,41M","-0,27%"
22.03.2019,"2.319,10","2.358,11","2.361,06","2.319,10","15,74M","-1,69%"
21.03.2019,"2.359,02","2.352,81","2.359,36","2.344,94","17,89M","0,31%"
20.03.2019,"2.351,83","2.353,10","2.357,16","2.344,13","15,97M","-0,03%"
19.03.2019,"2.352,42","2.346,73","2.365,96","2.346,73","18,35M","0,28%"
18.03.2019,"2.345,84","2.351,02","2.358,84","2.342,69","17,18M","-0,02%"
15.03.2019,"2.346,25","2.323,39","2.360,92","2.317,73","70,61M","1,16%"
14.03.2019,"2.319,28","2.319,32","2.323,52","2.310,25","17,67M","0,19%"
